id,domain,status,purchase_price,renewal_price,attractiveness,demand,length,registrar,created_at,expires_at,status_verified_at
63e7e0fe-e2c9-4a4c-ba3c-db7649f1ebc6,potatoes.my,premium,91.96,91.96,medium,low,8,namesilo,,,27/09/2026 02:12
4e960a91-9d01-4a3b-a6d1-d1559a7950fd,extinguisher.my,available,2.28,25.88,high,low,12,spaceship,,,02/10/2026 18:19
6107a6cc-a202-4653-a70a-8c3b911c6584,exclusion.my,available,2.28,25.88,high,low,9,spaceship,,,30/09/2026 17:15
f6fccd04-5208-43ff-9ed6-d5d002081ed6,kentish.my,available,2.28,25.88,high,low,7,spaceship,,,02/10/2026 15:53
18fbea02-6a60-4f76-9790-83e089e1bee0,midlothian.my,available,2.98,38.98,medium,low,10,namecheap,,,30/09/2026 21:02
d418321f-e7b5-46bd-b386-2ed2d340d99a,sharpen.my,available,2.28,25.88,high,low,7,spaceship,,,03/10/2026 02:36
84131c95-de9d-4130-bff0-e0faffe55c4d,appendix.my,premium,68.69,98.12,high,low,8,namecheap,,,19/09/2026 20:40
5443fd43-17cd-4cf9-9b65-19431c9a8780,discursive.my,available,2.98,38.98,medium,low,10,namecheap,,,14/08/2026 06:00
8101e102-db54-4015-9a5b-b1c8fa02d46d,peterborough.my,available,3.49,29.99,high,low,12,namesilo,,,28/09/2026 07:36
98131b71-eb3a-4e82-8504-1483c4b59060,irb.my,premium,390.35,557.64,medium,low,3,spaceship,,,29/09/2026 03:06
1f692b5a-a3d3-4d15-9026-727637042e21,philippi.my,available,3.49,29.99,medium,low,8,namesilo,,,22/09/2026 15:38
9d2f006c-cf47-49cb-88c4-4ed5b86c1d05,dubbed.my,available,2.28,25.88,medium,low,6,spaceship,,,30/09/2026 07:36
382930ce-4e0d-4a02-b466-661546b05d02,legally.my,premium,65.95,94.21,medium,low,7,name.com,,,13/08/2026 19:07
b2aec43b-b995-4fea-b6b3-bfe3d16ec06c,pampering.my,available,2.98,38.98,high,low,9,namecheap,,,05/09/2026 00:29
a3da7e3e-44b9-452e-87aa-d4426cbd9cd6,patch.my,premium,700.62,700.62,high,medium,5,namesilo,,,22/09/2026 00:53
9feb821e-0e9f-4cfe-b712-a62801e0ac48,joseph.my,premium,91.96,91.96,high,low,6,namesilo,,,24/09/2026 14:32
f61c2cd9-80f9-453b-b8fe-d2a83e4dd9d9,amman.my,premium,350.31,350.31,high,low,5,namesilo,,,18/09/2026 21:59
516d4dc1-062b-4248-880e-903aca52beb9,hampton.my,premium,489.84,699.78,high,low,7,namecheap,,,25/09/2026 06:48
b1d03b63-b920-4739-a28e-5e6f65413ff4,shepard.my,available,3.49,29.99,high,low,7,namesilo,,,18/09/2026 01:40
eff78647-6c06-4c3a-b026-ca0f3f066d01,forecaster.my,available,2.98,38.98,high,low,10,namecheap,,,03/10/2026 00:49
ca73a234-a650-4351-802a-4db3eeabbf18,afresh.my,available,2.98,38.98,medium,low,6,namecheap,,,13/09/2026 18:01
fe531ef4-3773-4171-bfc1-6a26cfffd82a,edmonton.my,premium,91.96,91.96,high,low,8,namesilo,,,25/09/2026 22:33
bfe81b45-ea83-4c65-a19e-b17b9c26a62c,whistles.my,available,2.28,25.88,medium,low,8,spaceship,,,30/09/2026 07:27
75990e28-1f09-4e99-be9e-75ab1940f105,adornment.my,available,3.49,29.99,high,low,9,namesilo,,,17/09/2026 09:46
1053b2d4-ab72-41a1-a9af-5244b533e967,campbell.my,premium,91.96,91.96,high,low,8,namesilo,,,24/09/2026 11:53
8ee723c4-a15a-4d72-9b0d-d7d7e45e0643,marginally.my,available,2.98,38.98,medium,low,10,namecheap,,,15/09/2026 13:29
cdd65d46-9f29-4787-a4be-1cdfe8cf5b36,thwack.my,available,2.98,38.98,medium,low,6,namecheap,,,16/09/2026 02:47
d803c78a-1d7b-4fc6-b7ae-36a1de3a0b94,swung.my,available,2.28,25.88,medium,low,5,spaceship,,,30/09/2026 14:20
7b44daa7-528d-46db-95cb-78a1e6bfa4dc,tiberias.my,available,2.28,25.88,high,low,8,spaceship,,,02/10/2026 08:43
b1e00aec-c716-4eb1-b4f9-09f2df9f70fa,mouthful.my,available,2.28,25.88,high,low,8,spaceship,,,03/10/2026 01:38
df228e6c-cd4e-438d-a1c9-83345958b940,baseborn.my,available,2.98,38.98,low,low,8,namecheap,,,08/08/2026 21:34
1e114a51-6916-4d53-9294-c5d78c103a10,toluca.my,available,2.28,25.88,high,low,6,spaceship,,,03/10/2026 05:40
f3192df9-1c89-4c18-a8b1-2a2f9797f8b0,oratorical.my,available,2.98,38.98,medium,low,10,namecheap,,,04/09/2026 17:30
529af01b-14ba-495b-838f-7e83b930bc7b,redstart.my,available,2.98,38.98,high,low,8,namecheap,,,18/09/2026 20:37
6a29e4c8-0dd3-45dc-a7d4-c0a35fa664f6,fiery.my,available,2.98,38.98,high,low,5,namecheap,,,06/08/2026 16:24
748cad59-328c-4c6d-b8e4-3ddada6da5b8,apes.my,premium,390.35,557.64,medium,low,4,spaceship,,,29/09/2026 04:59
01cf4b92-2b6f-4ba6-9472-7cb6142f53d7,aluminous.my,available,2.98,38.98,medium,low,9,namecheap,,,
d0396f9f-1692-401d-8f87-9d5e9e3ffe15,cresson.my,available,2.98,38.98,medium,low,7,namecheap,,,13/08/2026 06:16
a4b0e994-f5da-435d-b995-6c9409dcfb9a,belted.my,available,2.98,38.98,medium,low,6,namecheap,,,09/08/2026 14:02
ba00726f-b200-4ad3-92f8-e9f8ac234830,dominoes.my,available,3.49,29.99,high,low,8,namesilo,,,24/09/2026 23:28
4792306c-8e73-4da9-a519-d6bb531f775d,harshly.my,available,2.98,38.98,medium,low,7,namecheap,,,14/09/2026 22:08
e4ceea2b-012d-4b11-b645-cab100c1b98d,pluton.my,available,3.49,29.99,medium,low,6,namesilo,,,22/09/2026 13:46
5d7e529f-f1b1-4297-90ec-b97a312e1a2a,gestapo.my,available,3.49,29.99,medium,low,7,namesilo,,,29/09/2026 12:44
ce6ff621-d18e-4a5d-a741-ce5c3df8cdb8,arduous.my,available,2.98,38.98,medium,low,7,namecheap,,,06/08/2026 16:40
8de0382f-4f36-44d8-99df-200106520c77,hickman.my,available,3.49,29.99,high,low,7,namesilo,,,28/09/2026 16:11
2e30416d-d9b5-403d-8969-9d69c46fe972,shepherd.my,premium,53.8,76.73,high,low,8,porkbun,,,28/09/2026 03:05
44d5eade-fb1d-4c02-b97b-dc63d66f065b,clarinet.my,available,2.28,25.88,high,low,8,spaceship,,,29/09/2026 11:55
bab7ce63-01db-43a7-b4f2-5737c59b85e7,disappoint.my,available,3.49,29.99,medium,low,10,namesilo,,,29/09/2026 14:14
fb91b91f-58bb-4217-9015-cb344d9c23f5,citations.my,available,2.28,25.88,medium,low,9,spaceship,,,01/10/2026 00:26
8a14bd31-1ea8-46bb-97fc-5d47d1c902d0,catty.my,available,2.98,38.98,medium,low,5,namecheap,,,10/08/2026 07:23
eb1275db-4ac4-4cc4-9fbf-c8eb023b724f,stuffer.my,available,3.49,29.99,medium,low,7,namesilo,,,19/09/2026 08:48
bcc22aef-bd35-48d9-8183-5240814e3f44,arcsecond.my,available,3.49,29.99,medium,low,9,namesilo,,,20/09/2026 02:41
2f02a228-b4eb-4ec6-8884-9f7f852902dc,abyssinian.my,available,2.98,38.98,high,low,10,namecheap,,,16/09/2026 19:54
1870f229-1946-4be4-83d0-2c7ffe6a1944,beaches.my,premium,91.96,91.96,high,low,7,namesilo,,,20/09/2026 07:25
ff445cbf-4920-4597-8001-673785be9cec,yamato.my,available,3.49,29.99,high,low,6,namesilo,,,30/09/2026 13:00
15ee51d1-f1de-489d-9b2e-f538ba0728d2,unrecorded.my,available,2.98,38.98,medium,low,10,namecheap,,,24/08/2026 07:46
fad64cfc-0998-4479-84a5-ec6792399897,broth.my,available,3.49,29.99,high,low,5,namesilo,,,24/09/2026 10:49
d2e28c7d-b221-419b-b607-70c4c9f8ff7e,playdate.my,available,2.28,25.88,high,low,9,spaceship,,,02/10/2026 21:12
763bff9c-36c3-4fd7-aa19-03c7571c39ba,sorely.my,available,3.49,29.99,medium,low,6,namesilo,,,16/09/2026 05:13
340c0900-4ff6-44ed-88c5-ac03ac0f21f7,windflower.my,available,3.49,29.99,high,low,10,namesilo,,,19/09/2026 05:19
215b3435-2f1c-47f7-9ecd-89f2a014fcd8,doolittle.my,available,3.49,29.99,medium,low,9,namesilo,,,29/09/2026 00:40
10fbb0d4-8730-4905-8dfd-1053b4d4c74f,breda.my,available,2.28,25.88,medium,low,5,spaceship,,,30/09/2026 21:05
c4f0a0cf-1be1-410a-9f66-2084755a1281,spangly.my,available,2.98,38.98,medium,low,7,namecheap,,,18/08/2026 21:20
c797ea6f-397c-4fd0-8111-e512186d4dbc,stockpile.my,available,2.98,38.98,high,low,9,namecheap,,,10/09/2026 20:52
e93fd7be-7a13-48dc-9581-166f5baa6b80,resurrection.my,available,3.49,29.99,high,low,12,namesilo,,,28/09/2026 16:51
9a78eae2-2435-4ea5-9e9b-479f66ae5ffe,threefold.my,available,2.98,38.98,high,low,9,namecheap,,,14/08/2026 16:42
b56b7fae-517f-4850-a278-276933b68163,josephson.my,available,2.37,26.06,medium,low,9,porkbun,,,02/10/2026 01:45
29c19096-e19d-4c24-b03d-6fba81c88956,animality.my,available,2.98,38.98,medium,low,9,namecheap,,,19/09/2026 08:40
0d92dbfa-a53c-41fd-961f-28a35256e8b4,hillside.my,available,2.99,28.75,high,low,8,dynadot,,,29/09/2026 13:02
8b0b4ebb-6f70-4770-863d-ecb53754168b,beroe.my,available,3.49,29.99,medium,low,5,namesilo,,,23/09/2026 10:02
763ba9f4-6e2b-4429-98e2-5b1b3252179d,sybil.my,available,2.99,28.75,high,low,5,dynadot,,,29/09/2026 14:56
c0181827-9527-41c5-85a9-8f8f016db282,founders.my,resell,,,high,low,8,,,,01/10/2026 00:45
b2a41ee2-cbc7-4c49-a61e-5f5968db7f47,paediatric.my,available,2.98,38.98,medium,low,10,namecheap,,,04/09/2026 22:51
c9c4ef08-7133-4115-9456-689d9e0e7695,poolside.my,available,3.49,29.99,high,low,8,namesilo,,,02/10/2026 00:48
9cc93734-97ec-4147-8144-fea1a662e7e6,mixologist.my,available,3.49,29.99,high,low,10,namesilo,,,22/09/2026 06:27
6fda1702-c8ed-4481-83d6-4b9246b9b6a8,striped.my,available,2.98,38.98,high,low,7,namecheap,,,10/09/2026 22:44
12ca5073-eef0-4030-8d4b-02ffb78e95df,digestive.my,available,2.98,38.98,high,low,9,namecheap,,,24/08/2026 15:24
11e3a602-50f5-42e9-bd46-a896a90a1d26,vanzetti.my,available,3.49,29.99,medium,low,8,namesilo,,,22/09/2026 09:26
20391e65-f3ea-45ad-97db-c1a33e173348,devastating.my,available,2.99,28.75,medium,low,11,dynadot,,,28/09/2026 11:24
e7397d03-f399-433c-96ac-43f5d9ac23a6,glenda.my,available,2.98,38.98,high,low,6,namecheap,,,02/10/2026 09:10
47016ee3-a81e-4a14-bbf1-8629dc25dcb1,caspar.my,available,2.98,38.98,medium,low,6,namecheap,,,29/09/2026 06:16
b445aa28-e4cc-4c97-9567-47028b774325,fawning.my,available,2.98,38.98,medium,low,7,namecheap,,,10/08/2026 19:43
0a166d9f-9ee8-4ce5-be69-f11eb8d907d9,commonsense.my,available,3.49,29.99,high,low,12,namesilo,,,
f96f3a8a-7a63-4568-8690-73cb55260a64,grainy.my,available,2.98,38.98,medium,low,6,namecheap,,,12/08/2026 14:00
cb6a1d2d-0920-49bd-a9dd-35bcf188c39d,bottles.my,premium,91.96,91.96,medium,low,7,namesilo,,,18/09/2026 04:05
05fade5f-f1fb-4cf3-9498-5dce455db964,voracious.my,available,2.98,38.98,medium,low,9,namecheap,,,15/08/2026 06:15
416cdb10-ee1c-453a-a5ce-2e4b98682dab,duchamp.my,available,2.98,38.98,high,low,7,namecheap,,,01/10/2026 19:16
186584c5-2e04-432c-976d-598653dc25d6,kovacs.my,available,2.98,38.98,medium,low,6,namecheap,,,02/10/2026 20:40
af4fa92e-e20d-4407-8aa6-78e4c5f9c8a9,byzantine.my,available,2.98,38.98,medium,low,9,namecheap,,,11/08/2026 12:12
dfdc9fea-9ee9-461b-ba70-bbea1813c84f,posters.my,premium,67.97,,high,low,7,name.com,,,
713ebb1a-fe97-412e-aa8f-a0551700f1c8,vow.my,premium,700.62,700.62,high,low,3,namesilo,,,28/09/2026 11:05
97b5b903-0c5d-475f-8ca5-63359f5c2d98,coffeemakers.my,available,3.49,29.99,medium,low,12,namesilo,,,21/09/2026 01:27
a459e01e-b742-460b-b56d-e5768f471557,deterrent.my,available,2.98,38.98,medium,low,9,namecheap,,,14/08/2026 04:48
73594973-0fd1-4a83-b484-a3422d90543a,bodacious.my,available,2.98,38.98,high,low,9,namecheap,,,10/08/2026 16:42
39fb071e-c6dd-4ed7-9999-0036507733c8,harriet.my,available,3.49,29.99,high,low,7,namesilo,,,27/09/2026 22:29
c85cf0ce-ac15-4daa-b773-f4234231b04a,abilities.my,available,3.49,29.99,high,low,9,namesilo,,,17/09/2026 04:45
71ea9da8-48e4-4dc0-a2db-a67cd8917707,gun.my,resell,,,high,low,3,"Dynadot, LLC",27/06/2024 06:23,27/06/2027 06:23,28/09/2026 17:19
0009e681-27be-4d85-b268-b9565db44e13,classless.my,available,2.98,38.98,high,low,9,namecheap,,,12/08/2026 09:48
c2c9cb8c-36d9-4fc7-bd2c-e77af2ee0ab6,natchez.my,available,2.28,25.88,high,low,7,spaceship,,,28/09/2026 14:57
4197dd06-8d1c-4d28-af3e-553cc4efde99,valerius.my,available,3.49,29.99,medium,low,8,namesilo,,,02/10/2026 09:29
47ae5df5-08c2-40d7-bd54-1e77dd58c9d2,tempest.my,available,3.49,29.99,high,low,7,namesilo,,,01/10/2026 21:55
88b47a09-f5d2-4441-8c66-f2fc2aa4f86a,kilogram.my,available,3.49,29.99,high,low,8,namesilo,,,30/09/2026 01:44
47b8ffd8-6eb7-46b8-9fbe-ced49ea4680a,mesonic.my,available,2.98,38.98,medium,low,7,namecheap,,,24/08/2026 21:09
3de245cd-bba0-4a6c-807f-6eb00e302d19,wears.my,available,3.49,29.99,medium,low,5,namesilo,,,17/09/2026 10:43
7d5124a0-5def-4e5d-8750-ae8294b32495,rangy.my,available,2.98,38.98,medium,low,5,namecheap,,,18/08/2026 20:13
92174587-2bf8-4f2d-b26c-7eaa4131a1a0,bustling.my,available,2.98,38.98,high,low,8,namecheap,,,11/08/2026 11:21
05b898e7-fa1e-42ac-b496-e126a63156b5,gauze.my,available,3.49,29.99,high,low,5,namesilo,,,02/10/2026 05:01
e9dc5ccc-a6e5-464e-8f34-700aa3c976db,succeeds.my,available,2.28,25.88,medium,low,8,spaceship,,,30/09/2026 16:01
60c8c30f-5585-47c7-bbf0-e47825734c7e,apologizing.my,available,2.28,25.88,low,low,11,spaceship,,,02/10/2026 22:41
376639f1-33d0-4533-bed8-153d8d1e77d4,acne.my,premium,245.17,350.23,medium,low,4,namecheap,,,28/09/2026 17:51
e6ec013a-33cb-4c61-b41a-e05302b23882,gcc.my,premium,390.66,558.09,high,high,3,spaceship,,,30/09/2026 20:47
eb94d2a8-798f-470f-b77c-b91ebd3c0c7d,lunt.my,available,3.49,29.99,medium,low,4,namesilo,,,18/09/2026 06:40
d861ba03-d964-4f8f-8d59-1b431421a7cb,snyder.my,available,2.98,38.98,high,low,6,namecheap,,,25/09/2026 18:53
ead828f9-0348-4175-ada8-a9402ba846e2,debacle.my,available,2.98,38.98,medium,low,7,namecheap,,,13/09/2026 07:56
beaf473c-8e6f-44d9-84b1-678ae4db9631,salient.my,available,2.98,38.98,high,low,7,namecheap,,,09/09/2026 03:09
0b1677b4-2698-471b-8a82-f7e0df64cb05,waylay.my,available,3.49,29.99,medium,low,6,namesilo,,,18/09/2026 17:32
2b24a0f0-964b-4642-8515-eed60cbfb686,confessing.my,available,3.49,29.99,high,low,10,namesilo,,,01/10/2026 06:10
0892c88e-a87e-45b5-97a1-24cb89334001,schilling.my,available,3.49,29.99,high,low,9,namesilo,,,21/09/2026 04:58
f86a0a59-6f00-41d8-a8b9-0d6464ff0ea3,pummel.my,available,3.49,29.99,medium,low,6,namesilo,,,23/09/2026 13:52
99b79d5f-5777-46e5-a5bb-0e574ae49017,ftc.my,premium,110,110,medium,low,3,dynadot,,,28/09/2026 14:08
b5f76f6c-627a-4053-9da2-9d37b0d120ff,hayseed.my,available,2.98,38.98,medium,low,7,namecheap,,,21/08/2026 08:05
3bf0c639-d3f1-457d-be1b-511492345f79,oxidation.my,available,2.28,25.88,medium,low,9,spaceship,,,03/10/2026 01:45
f3db44db-791e-4c1b-a6ba-5683be36641b,goldbrick.my,available,2.98,38.98,medium,low,9,namecheap,,,20/08/2026 16:29
eedc2e70-fb10-4ce8-b22f-427e3534e5ff,trott.my,available,3.49,29.99,medium,low,5,namesilo,,,03/10/2026 05:38
fdae33fb-ddf8-450d-94b6-ac170c723621,road.my,premium,195.41,279.16,high,low,4,spaceship,,,30/09/2026 10:19
f60be657-c42f-4705-b1b2-cf9e8c171af0,denominate.my,available,2.98,38.98,medium,low,10,namecheap,,,14/08/2026 03:43
2035796c-6ac5-45dc-b1cf-5f6cdeeb1bff,allergenic.my,available,2.98,38.98,medium,low,10,namecheap,,,
e54597a6-c9b4-4a5f-9200-41ea45f63efa,deceitful.my,available,2.98,38.98,medium,low,9,namecheap,,,13/08/2026 21:06
21bbf7dc-0a0d-48f3-81c0-2b526e2430ab,glencoe.my,available,3.49,29.99,medium,low,7,namesilo,,,30/09/2026 22:11
af864b94-d56d-408e-916e-149f77c2dd15,exactly.my,premium,91.96,91.96,high,low,7,namesilo,,,26/09/2026 00:15
d51db341-5347-43b2-b452-e7384bce6eb0,amarillo.my,available,3.49,29.99,medium,low,8,namesilo,,,18/09/2026 15:59
0c4aba72-4dcc-4edd-8efb-1be18ead7f93,pent.my,resell,,,medium,low,4,Shinjiru Technology Sdn Bhd,23/12/2025 03:08,23/12/2026 03:08,26/09/2026 08:05
14957aa4-b296-45de-af1b-9ba0012acc74,reformable.my,available,2.98,38.98,high,medium,10,namecheap,,,09/09/2026 12:43
49783d56-b24c-4253-bbc7-8588a84c9bfe,grizzly.my,available,2.98,38.98,high,low,7,namecheap,,,20/08/2026 19:16
1630a785-1ad9-44a9-9cb6-77850f4a9d63,individual.my,resell,,,high,low,10,Shinjiru Technology Sdn Bhd,26/12/2025 09:49,26/12/2026 09:49,26/09/2026 06:51
7bd49e1f-dc79-431a-bc5c-aa7761e342c2,sealing.my,available,2.28,25.88,high,low,7,spaceship,,,30/09/2026 18:36
015b4bcb-129c-46a5-aa4e-a82d5a493789,barrack.my,available,3.49,29.99,medium,low,7,namesilo,,,22/09/2026 07:48
77cfa39d-65b2-4093-b143-69a8dff5db99,dimensionless.my,available,3.49,29.99,medium,low,13,namesilo,,,02/10/2026 01:27
fd2e5ec2-1ac8-4de0-8bcd-eba521b3aa4f,basis.my,premium,140.12,140.12,high,low,5,namesilo,,,29/09/2026 01:24
c7429757-cab2-4beb-8711-d65b09f27ecc,headlight.my,available,3.49,29.99,high,low,9,namesilo,,,03/10/2026 01:11
d1b3b3ba-2a22-424a-9257-bb5188475e16,ddr.my,premium,390.18,557.41,high,low,3,spaceship,,,01/10/2026 23:51
10121c0e-3496-43cc-bd18-8e826d83324b,wares.my,available,2.98,38.98,medium,low,5,namecheap,,,30/09/2026 20:59
d47c2c39-b96c-4754-9d20-54b85732f1f5,angostura.my,available,3.49,29.99,medium,low,9,namesilo,,,19/09/2026 07:08
3e885dd0-f79e-4637-89e5-b64aef76552d,vast.my,premium,195.1,278.7,high,low,4,spaceship,,,02/10/2026 12:37
b1e58d65-5d8d-4ac7-9e4a-9b5bcc6127e4,whipple.my,available,2.28,25.88,medium,low,7,spaceship,,,28/09/2026 16:10
fa00e410-b57c-48db-b776-460802d0add5,forgetting.my,available,2.28,25.88,high,low,10,spaceship,,,01/10/2026 18:31
625618d2-82ca-4db1-b940-373cabf6d1e2,doughy.my,available,2.98,38.98,medium,low,6,namecheap,,,14/08/2026 17:03
4b937d50-5665-47fe-9752-3ed0b959aebf,expiration.my,available,2.28,25.88,high,low,10,spaceship,,,29/09/2026 18:05
4945553b-f875-4b4b-9f46-b0dc3284294a,excursion.my,available,2.99,28.75,high,low,9,dynadot,,,29/09/2026 18:22
679c4257-98e3-4c74-ab0d-e93f6b8bc6ea,orleans.my,premium,91.96,91.96,high,low,7,namesilo,,,30/09/2026 06:15
5e80e501-bb63-49e0-8941-ea26e8584e2a,dissembler.my,available,2.98,38.98,medium,low,10,namecheap,,,08/09/2026 19:10
efb2b74e-0010-478b-96b5-d99b7b571597,gunner.my,available,3.49,29.99,high,low,6,namesilo,,,20/09/2026 11:48
1b7bb139-f63a-4bb3-9933-4f3eb6fa7114,screws.my,available,2.98,38.98,medium,low,6,namecheap,,,29/09/2026 17:35
255560a1-d39e-4588-807c-fdcc93eb9aaa,spouse.my,premium,68.8,98.28,high,low,6,namecheap,,,23/09/2026 11:39
2496c61d-af76-4c31-be9f-a4f1bb2f7b2e,narendra.my,available,2.28,25.88,medium,low,8,spaceship,,,03/10/2026 06:27
1a71e4a6-b409-4318-830f-88565b9b16d6,olefin.my,available,3.49,29.99,medium,low,6,namesilo,,,18/09/2026 08:30
69f991ba-1f6a-4961-a75c-be22edc0c155,thermoset.my,available,2.98,38.98,medium,low,9,namecheap,,,11/09/2026 12:58
6b60b533-3ae9-48ee-b222-aed67365d954,uphold.my,available,2.28,25.88,high,low,6,spaceship,,,28/09/2026 20:14
0211f912-5add-4233-8398-aee6144afc3f,procession.my,available,2.28,25.88,high,low,10,spaceship,,,29/09/2026 06:59
cbaec8dd-1c74-4e59-962e-c0802ef8d943,trumpery.my,available,2.98,38.98,medium,low,8,namecheap,,,18/08/2026 23:50
4989e219-7daf-48a1-9f19-8773c91e969e,undesired.my,available,2.98,38.98,medium,low,9,namecheap,,,12/09/2026 07:49
af8d68e8-fbcf-499f-81e2-ddbb5caaf6aa,neptunium.my,available,3.49,29.99,medium,low,9,namesilo,,,21/09/2026 00:09
09542787-28db-42fa-a03d-a0c2f55651e7,intertwined.my,available,2.37,26.06,high,low,11,porkbun,,,02/10/2026 17:58
38babe8b-b2ae-4fe5-935e-bf90eb26cf13,andros.my,available,2.98,38.98,high,low,6,namecheap,,,30/09/2026 20:49
1b73edab-7bff-4cb6-b004-8d147bdaee7d,overloaded.my,available,2.98,38.98,medium,low,10,namecheap,,,04/09/2026 20:54
b08219c3-f495-4587-b6bc-23d26bca36e0,conjure.my,available,2.28,25.88,high,low,7,spaceship,,,02/10/2026 14:30
0c57b442-e6aa-45a0-89a8-527c1dcd8e2b,pga.my,premium,390.18,557.41,high,low,3,spaceship,,,28/09/2026 07:12
408dbb7d-3862-48aa-96ae-112f8a5c1f40,apposite.my,available,2.98,38.98,medium,low,8,namecheap,,,06/08/2026 07:53
5b0fcbd1-d2ae-47f0-b774-f7a3f8f9cbfa,crowds.my,available,3.49,29.99,medium,low,6,namesilo,,,28/09/2026 17:41
aebabb28-2c9c-4b2a-bef5-028e392362d3,macros.my,resell,,,medium,low,6,,,,02/10/2026 03:27
84470840-d8f9-4ad3-ae0b-8972b775a0db,puppet.my,available,3.49,29.99,high,low,6,namesilo,,,28/09/2026 02:20
665c384e-7a39-4abe-9a09-6376160fa32a,sanitarium.my,available,3.49,29.99,medium,low,10,namesilo,,,02/10/2026 06:19
96014898-71dc-4dcb-8d01-c48dcc49dedb,riparian.my,available,2.98,38.98,high,low,8,namecheap,,,09/09/2026 17:53
c4f61b6c-ce34-414d-9083-8a5966e6fb50,slide.my,premium,76.73,109.47,high,low,5,porkbun,,,30/09/2026 02:07
6e21f0f7-4e76-4cbd-a37e-826298b768d2,mclennan.my,available,3.49,29.99,medium,low,8,namesilo,,,01/10/2026 12:16
8c2913b1-5e0f-48f7-968c-50b253e9643f,muhlenberg.my,available,3.49,29.99,medium,low,10,namesilo,,,02/10/2026 01:03
a51de314-eee7-44bf-8462-4ddf111cc10d,lyrate.my,available,2.98,38.98,medium,low,6,namecheap,,,24/08/2026 12:39
e42300b1-26ae-42a3-bd56-4567432c3512,estuaries.my,available,2.28,25.88,low,low,9,spaceship,,,28/09/2026 12:58
681f7810-ad63-47e4-bf2c-541fba6e978f,drunkard.my,available,2.98,38.98,medium,low,8,namecheap,,,14/08/2026 20:21
580a8471-0201-41e2-9468-67e50356ef35,garret.my,available,2.98,38.98,medium,low,6,namecheap,,,07/08/2026 15:51
32a90419-66b1-49b4-9399-4da409221515,improbable.my,available,2.98,38.98,medium,low,10,namecheap,,,21/08/2026 23:07
dfb66dd8-8ccc-4464-b086-9b73afe18a2d,shag.my,available,2.98,38.98,medium,low,4,namecheap,,,18/08/2026 17:33
0f7f1834-d0c6-4472-9b90-4db9f2aebb80,keep.my,premium,245.17,350.23,high,low,4,namecheap,,,29/09/2026 04:03
b9948aa9-291a-4690-b3be-9efa433c7b56,hymns.my,available,2.99,28.75,medium,low,5,dynadot,,,30/09/2026 15:32
ace10e72-3748-4f9d-9488-eee2f17baffd,mai.my,premium,1455.98,1455.98,high,medium,3,namesilo,,,25/09/2026 14:04
674ddb68-7179-421d-99f6-f75e7a123555,rodents.my,available,3.49,29.99,low,low,7,namesilo,,,30/09/2026 15:36
ef88b9c1-c8ce-4aaa-98af-442517c38915,carmen.my,premium,66.15,94.5,high,low,6,name.com,,,27/09/2026 01:37
b2a22eda-b68b-485a-98c4-8b4d59d338d3,gretel.my,available,3.49,29.99,high,low,6,namesilo,,,03/10/2026 04:39
37ab1c9a-cb5d-4a94-beaa-d44f140ed08a,ani.my,premium,700.62,700.62,high,low,3,namesilo,,,19/09/2026 08:25
13c94618-70de-44ff-bcd8-d3b78c5e67ed,greig.my,available,2.98,38.98,medium,low,5,namecheap,,,02/10/2026 20:02
48f71413-38c9-41aa-a147-a727320ee474,boise.my,premium,195.34,279.05,high,low,5,spaceship,,,30/09/2026 16:28
0fb72e56-9e0c-4250-8b82-9d444bd8cf5b,uncaused.my,available,2.98,38.98,medium,low,8,namecheap,,,18/08/2026 12:45
817e5cff-1163-4c38-8eb3-637b2e8cd10e,nursed.my,available,2.98,38.98,medium,low,6,namecheap,,,03/09/2026 23:03
ea812d66-3504-438a-85d1-d11ad7ed4c1f,lawful.my,available,2.98,38.98,high,low,6,namecheap,,,22/08/2026 21:21
49f9ac2e-ee35-48cc-8bbd-3aaea410fc77,injury.my,premium,489.84,699.78,high,low,6,namecheap,,,25/09/2026 06:58
15130125-0b59-465a-a3c7-24f7c2a84e95,paved.my,available,2.98,38.98,high,low,5,namecheap,,,08/09/2026 10:53
f21f94a3-6be1-45d7-948e-49344bdda4ef,asimina.my,available,3.49,29.99,high,low,7,namesilo,,,20/09/2026 14:10
134f3c86-1ea8-447c-b0a8-10da86f16cd4,elasticity.my,available,2.28,25.88,high,low,10,spaceship,,,02/10/2026 14:59
13a57726-0623-4e69-962b-8cb5239608a4,prodigious.my,available,2.98,38.98,medium,low,10,namecheap,,,12/08/2026 17:58
ffdf8c69-36dc-46ac-af72-141ad7a5e32f,atriplex.my,available,3.49,29.99,medium,low,8,namesilo,,,21/09/2026 00:45
f02ff80e-bd06-46d9-9ec1-4bffb3422699,bicyclist.my,available,3.49,29.99,high,low,9,namesilo,,,23/09/2026 13:22
7cf0f46e-6c4c-43fa-a616-1db416901ed6,ballyhoo.my,available,3.49,29.99,high,low,8,namesilo,,,21/09/2026 23:32
f8e6401a-51a0-4f67-8a5c-cecd2916b505,doubter.my,available,2.98,38.98,medium,low,7,namecheap,,,
dd2b1999-9d24-46e3-b8e7-2d71424333ed,lingually.my,available,2.98,38.98,medium,low,9,namecheap,,,15/09/2026 12:28
a6ed1cbd-41b1-42fe-8da9-4d9c044f8903,pugin.my,available,3.49,29.99,medium,low,5,namesilo,,,21/09/2026 04:06
fb274741-6af5-493e-897d-b534946da3dc,presto.my,premium,985.84,1408.36,high,medium,6,namecheap,,,09/09/2026 01:44
14c87c9f-0e94-4778-bc26-a9b9362b2ad2,reliably.my,available,2.98,38.98,high,low,8,namecheap,,,14/09/2026 11:46
9a3baf2e-0da7-4f38-9db3-88b76d709c88,hardship.my,available,3.49,29.99,high,low,8,namesilo,,,17/09/2026 10:51
5cbb44fb-8444-4765-b238-91405c921453,funky.my,premium,95.07,135.81,high,low,5,name.com,,,18/08/2026 02:27
ada41c6b-8185-4a67-9a7d-fff064b821db,bruising.my,available,2.98,38.98,medium,low,8,namecheap,,,11/08/2026 06:34
5c385c5e-fafe-40f3-8218-0cfc06f729e4,nonwhite.my,available,19.99,49.99,medium,low,9,name.com,,,13/08/2026 18:06
2dd90ae2-7e66-4d97-99c1-0c867bc10659,enter.my,premium,78.07,111.53,high,low,5,spaceship,,,29/09/2026 23:59
4aee1a63-e357-498b-adeb-214c11315929,obliterate.my,available,2.98,38.98,medium,low,10,namecheap,,,10/08/2026 15:34
47613a99-0a9e-4318-a891-96b8d1e37aa1,ruth.my,premium,350.31,350.31,high,low,4,namesilo,,,21/09/2026 12:34
83aafe35-1694-4cc4-8947-9f9b354cd3c5,askance.my,available,2.98,38.98,medium,low,7,namecheap,,,07/08/2026 02:56
3a65c7ae-8cfc-4ab3-8e8e-16c1bcd4a8e5,novgorod.my,available,2.98,38.98,medium,low,8,namecheap,,,28/09/2026 10:35
c8421dfd-c1cb-4335-b784-b0d451eaec53,posts.my,premium,98.12,140.18,medium,low,5,namecheap,,,19/09/2026 00:49
53b144b1-56db-4948-87e4-bf92bab6ce16,eclipse.my,premium,700.62,700.62,high,medium,7,namesilo,,,25/09/2026 23:52
0bde2e90-e22a-410f-8761-86f4ed05b1f7,individuality.my,available,2.99,28.75,medium,low,13,dynadot,,,01/10/2026 14:25
fa414dbd-ce96-47f7-a4d0-3e3df966e85f,gustave.my,available,3.49,29.99,medium,low,7,namesilo,,,28/09/2026 09:09
76c43b37-e213-4d90-b981-244554634a24,successes.my,available,3.49,29.99,medium,low,9,namesilo,,,
d9cfcd16-f2b2-44c3-ae40-2b92a08721b4,lenin.my,available,2.98,38.98,medium,low,5,namecheap,,,30/09/2026 17:54
ef707a19-9d39-4fd6-aeb1-025fdc31d0c7,doubly.my,available,2.98,38.98,medium,low,6,namecheap,,,14/09/2026 13:48
aa5d3a20-f14c-458e-b4f3-9d6f96e058cb,prodigally.my,available,2.98,38.98,low,low,10,namecheap,,,15/09/2026 21:38
c2b445db-a3b7-4620-b806-019c9d20bc9a,oscine.my,available,2.98,38.98,medium,low,6,namecheap,,,04/09/2026 18:11
83d2c9b4-d130-47b2-a744-a2ef72d16b4a,bologna.my,available,2.28,25.88,high,low,7,spaceship,,,30/09/2026 16:29
43436b15-72d2-47e4-b1a9-3d524f7a66f2,dawdling.my,available,2.98,38.98,medium,low,8,namecheap,,,11/09/2026 19:40
af157c7b-0b5e-4024-aa7e-f6ae14d872c2,roles.my,premium,78.1,111.57,medium,low,5,spaceship,,,28/09/2026 21:41
d99f2356-a060-46e3-a7ce-f8047198954d,akha.my,available,2.98,38.98,medium,low,4,namecheap,,,17/09/2026 23:55
0b1d9b7f-1aab-4d8d-9832-45ed4a60f593,vacantly.my,available,3.49,29.99,low,low,8,namesilo,,,16/09/2026 10:32
4a1d6a62-1a2e-4d24-bb6f-053210b4c937,crowell.my,available,3.49,29.99,medium,low,7,namesilo,,,29/09/2026 09:14
6522bcbc-10bb-414b-ad9e-75518d8d9232,scooped.my,available,3.49,29.99,medium,low,7,namesilo,,,17/09/2026 23:31
a70759ab-d0f3-408a-84ed-9f3936846a5f,manages.my,available,2.28,25.88,medium,low,7,spaceship,,,01/10/2026 21:33
fa142bfd-a019-45f6-a9ab-2036717594fb,trailers.my,premium,68.69,98.12,medium,low,8,namecheap,,,19/09/2026 01:06
91e57940-5619-4089-97e3-c6566401c2f2,policy.my,premium,54.67,78.1,high,low,6,spaceship,,,30/09/2026 00:13
3021f3bc-c045-4873-a9d9-9891834192d6,distributive.my,available,2.28,25.88,high,low,12,spaceship,,,29/09/2026 21:23
46e5b91c-3acc-4f7d-9a8d-fdd20583cd21,longfellow.my,available,3.49,29.99,medium,low,10,namesilo,,,29/09/2026 01:16
3e043d55-0ca6-463e-be3b-7700f499647f,pepin.my,available,2.98,38.98,high,low,5,namecheap,,,01/10/2026 03:18
d7e01aa7-882f-4a83-b36c-bf6521fe995d,fossils.my,available,3.49,29.99,medium,low,7,namesilo,,,01/10/2026 17:33
253db232-bffa-4257-86dd-cccc8cc8558f,keegan.my,available,2.98,38.98,medium,low,6,namecheap,,,30/09/2026 00:49
fdbb8bc1-3a37-4f80-91d8-a9bfc2a0e8e0,yerkes.my,available,2.28,25.88,medium,low,6,spaceship,,,03/10/2026 01:55
03251d38-85d8-46ff-9cab-f89942cbc2c2,surprising.my,resell,3.49,29.99,high,low,10,namesilo,,,28/09/2026 02:05
c8b5015d-3512-4ffc-8be8-49bf1366b1c2,acceptive.my,available,2.98,38.98,medium,low,9,namecheap,,,
c7150b85-3a65-460e-87c5-8c746fd65f5e,customary.my,available,2.98,38.98,high,low,9,namecheap,,,13/08/2026 12:29
00bcd038-dde3-4712-a813-5d0979f7f466,hippie.my,available,3.49,29.99,high,low,6,namesilo,,,30/09/2026 17:21
b37fc427-7aad-4c5a-86b0-792b1aa081a3,chambers.my,premium,494.81,706.86,high,low,8,namecheap,,,08/09/2026 06:47
0b7ede44-8705-4576-a7b6-9f121a4a239d,rhodesian.my,available,2.98,38.98,high,low,9,namecheap,,,09/09/2026 16:41
c30390df-bbba-4415-9c05-d728b4103f66,sundays.my,available,38.98,,medium,low,7,namecheap,,,
264775cb-fca1-43d3-9b33-d4e001f56c6c,bugged.my,available,3.49,29.99,medium,low,6,namesilo,,,23/09/2026 10:21
0df598d0-761f-4735-ac0a-3cc3f16324ba,surplus.my,premium,66.38,94.83,high,low,7,name.com,,,17/08/2026 16:09
3b52fde2-195b-44c7-b5db-6d1231bc2db6,prowlers.my,available,3.49,29.99,low,low,8,namesilo,,,20/09/2026 12:42
0f259c83-3c48-4d6a-85c9-15b2e9108b45,disobedience.my,available,3.49,29.99,medium,low,12,namesilo,,,16/09/2026 12:19
9a8fa1c6-f0c2-435b-aa6f-88c65cdcb7a5,arse.my,available,2.98,38.98,medium,low,4,namecheap,,,09/08/2026 10:35
8d0a8892-f7cd-4dd1-a6d3-c07215964402,opponent.my,premium,66.64,95.2,high,low,8,name.com,,,04/09/2026 16:36
7da94670-5d69-46b9-9570-4a3b7d8a64c9,proud.my,premium,98.28,140.4,high,low,5,namecheap,,,27/09/2026 07:46
a6618a38-c5ba-4e9c-9ec2-65cd0e8e5316,taping.my,available,2.98,38.98,high,low,6,namecheap,,,01/10/2026 04:01
046d956f-e592-4843-b61b-8e334587a76a,shakes.my,available,3.49,29.99,medium,low,6,namesilo,,,29/09/2026 17:26
ecae89eb-75bc-4783-90d5-48e3142dc8bf,wizen.my,available,2.98,38.98,high,medium,5,namecheap,,,10/09/2026 06:59
10b2aac5-d998-4151-aa46-3caa948c210d,aylmer.my,available,2.28,25.88,medium,low,6,spaceship,,,03/10/2026 05:19
9cad6e4f-584b-4d0d-b09c-894b0e94b772,perfecting.my,available,3.49,29.99,high,low,10,namesilo,,,02/10/2026 13:45
27f52e6c-eb3c-4e61-8e30-e9249be42e5b,webster.my,premium,550,550,high,low,7,dynadot,,,28/09/2026 01:45
daee8eda-9e91-411d-951f-c3414228a059,detonation.my,available,2.28,25.88,medium,low,10,spaceship,,,30/09/2026 08:10
d5b09e04-dd6b-479a-8aa1-8ba2d446ab51,curium.my,available,3.49,29.99,medium,low,6,namesilo,,,21/09/2026 00:13
27c08cc6-efe9-4d6f-a2b8-845c278ebe3e,dylan.my,premium,140.12,140.12,high,low,5,namesilo,,,25/09/2026 00:22
248ebc8f-3048-476a-83b1-19a161ddea7c,aimless.my,available,2.98,38.98,medium,low,7,namecheap,,,
5377e673-912b-4fc1-a184-bd41b9edd446,sumter.my,available,2.28,25.88,medium,low,6,spaceship,,,28/09/2026 12:23
141b79f6-8699-40f1-8fb4-200cda5c0b41,tattle.my,available,3.49,29.99,medium,low,6,namesilo,,,23/09/2026 23:36
3cea5a03-6225-4d04-869b-28ff52442729,petre.my,available,2.98,38.98,high,low,5,namecheap,,,02/10/2026 20:12
e532087a-b369-49bd-b938-2368ee6f25f1,anorexia.my,available,3.49,29.99,medium,low,8,namesilo,,,19/09/2026 11:46
c45aaf3f-66a7-4624-bb80-424ae3ff5247,fabius.my,available,2.98,38.98,medium,low,6,namecheap,,,02/10/2026 09:27
99fdcf5a-5e70-40ed-abfe-19cdd552253b,ruggles.my,available,3.49,29.99,medium,low,7,namesilo,,,01/10/2026 10:32
14002e30-09e7-4dde-8f2b-8314001c5e7a,schoolwide.my,available,2.98,38.98,medium,low,10,namecheap,,,09/09/2026 23:18
ce1cab20-adf0-4247-8acf-1a68341c5211,ombu.my,available,3.49,29.99,medium,low,4,namesilo,,,23/09/2026 05:53
15fd7927-7343-4374-a3bb-f9da89f4cf20,cistercian.my,available,2.98,38.98,medium,low,10,namecheap,,,29/09/2026 18:21
23f42e22-cff7-4c0b-91a7-a30017c3b731,chronicle.my,premium,700.62,700.62,high,low,9,namesilo,,,16/09/2026 23:05
d5f7ddbe-d93d-4891-a21c-a67c06d33265,insurgent.my,available,2.98,38.98,medium,low,9,namecheap,,,22/08/2026 07:44
90b232a1-87eb-4b45-b5e6-3f21d894df3d,cxv.my,premium,94.41,134.89,high,low,3,name.com,,,
5f17483b-e82b-4fa2-b626-560838cce46e,wellington.my,premium,350.31,350.31,high,low,10,namesilo,,,20/09/2026 11:08
c80b56bd-dd65-4275-985d-03d05a97003d,blackpool.my,available,3.49,29.99,medium,low,9,namesilo,,,30/09/2026 05:52
57f92446-68e9-45d7-a5ab-647993e769d4,culmination.my,available,2.28,25.88,medium,low,11,spaceship,,,02/10/2026 21:36
3a6ba9c8-aa53-4d77-acd7-af442b2e0df5,workouts.my,available,3.49,29.99,medium,low,8,namesilo,,,19/09/2026 22:42
4b73cb88-15e4-491c-a917-401159791578,unearthly.my,available,2.98,38.98,medium,low,9,namecheap,,,16/08/2026 02:28
2776872d-529d-4d6f-9e36-2dfe15fdda59,aunty.my,available,2.98,38.98,high,low,5,namecheap,,,21/09/2026 04:13
e5fbd6e1-f929-421b-a054-fde3266e50c0,pondering.my,available,2.98,38.98,high,low,9,namecheap,,,11/08/2026 06:01
714f27d7-49af-4690-925f-8b2058b2f679,aliraq.my,available,3.49,29.99,medium,low,7,namesilo,,,18/09/2026 00:54
df630636-6183-4f90-8a9d-8bad6db847a7,dolan.my,available,2.28,25.88,high,low,5,spaceship,,,28/09/2026 11:39
73758361-a205-4983-adfe-cdc49490f22b,ditto.my,available,3.49,29.99,high,low,5,namesilo,,,24/09/2026 23:16
2c58ac81-a872-454b-a998-17acccafb987,abeyance.my,available,3.49,29.99,medium,low,8,namesilo,,,16/09/2026 15:20
707968f4-f653-437c-9e56-04eb9e1e34a7,tingle.my,available,2.98,38.98,medium,low,6,namecheap,,,11/09/2026 16:11
9d80a644-8525-43b7-9ff0-39d9177da33f,sleigh.my,available,2.37,26.06,medium,low,6,porkbun,,,30/09/2026 11:02
c890ec14-b243-40be-a5b4-406670a348fc,begun.my,premium,140.12,140.12,medium,low,5,namesilo,,,28/09/2026 08:15
1a4d419c-ec0e-4fd3-beb5-3a8efe74e37c,phenomenon.my,resell,,,high,low,10,,,,28/09/2026 10:43
02a36b4a-be8f-4098-aeec-e0f4181cd5c9,fluoride.my,available,2.99,28.75,high,low,8,dynadot,,,02/10/2026 04:54
f6604356-b184-4632-85a6-f21371ad42cb,unblinking.my,available,2.98,38.98,medium,low,10,namecheap,,,12/09/2026 02:16
18c85ce8-1637-4472-ba11-112c520821dd,intermodal.my,available,3.49,29.99,high,low,10,namesilo,,,29/09/2026 16:19
bbbdf14b-45a0-479c-a1a6-276493084f78,deepen.my,available,2.98,38.98,high,low,6,namecheap,,,12/08/2026 19:32
4efed6fc-0c44-4149-bc64-cfbf9e8c368f,aerogram.my,available,3.49,29.99,medium,low,8,namesilo,,,17/09/2026 13:04
fc1874b7-bb4b-432f-9c9d-f4e66bf02fd8,afterbirth.my,available,3.49,29.99,medium,low,10,namesilo,,,17/09/2026 15:34
e258ddfd-c242-4976-b93b-e698945b3734,pursuits.my,available,3.49,29.99,medium,low,8,namesilo,,,02/10/2026 13:15
885525b8-1553-4b23-85d9-4b3ea317238c,detachment.my,available,3.49,29.99,high,low,10,namesilo,,,29/09/2026 12:04
6f3659e9-fccc-4e0b-afee-da263ed95762,hassium.my,available,3.49,29.99,medium,low,7,namesilo,,,20/09/2026 22:10
0434c9f2-b88b-4260-866d-0ad0001809b9,impacts.my,premium,54.63,78.04,medium,low,7,spaceship,,,02/10/2026 23:01
5707213e-89ed-452d-bd99-854fad6e0770,slid.my,resell,,,medium,low,4,,,,30/09/2026 14:18
eaee589e-7887-48fb-a9c8-7fe2c631832e,fingered.my,available,2.98,38.98,medium,low,8,namecheap,,,18/08/2026 04:53
c35402fe-04ee-4781-86ea-b967cffca00c,bituminous.my,available,2.98,38.98,high,low,10,namecheap,,,10/08/2026 08:53
8aeddce1-2f6d-4433-aa33-0b43a3196bc5,locke.my,available,3.49,29.99,high,low,5,namesilo,,,25/09/2026 08:02
02733d2d-d342-4cbf-ad22-da8f44919da3,zoned.my,available,2.99,28.75,high,low,5,dynadot,,,01/10/2026 22:40
3f72cef7-ccd1-41f5-8708-d5596d464f36,cardwell.my,available,2.28,25.88,medium,low,8,spaceship,,,02/10/2026 00:42
dd658d5f-080e-4748-8028-dbfa525b252f,abatic.my,available,2.98,38.98,medium,low,6,namecheap,,,
2bf94bbf-9452-494d-8a94-bfc21e66277b,bored.my,premium,140.12,140.12,high,low,5,namesilo,,,23/09/2026 00:16
b3678b8c-3a14-4b72-b0ed-9a985dfd7f04,titus.my,available,3.49,29.99,high,low,5,namesilo,,,25/09/2026 05:37
c2336c17-117c-4616-b3de-2cdfe0039d88,harrison.my,premium,491.41,702.01,high,low,8,namecheap,,,23/09/2026 08:20
be72c228-f3d9-4fec-bbd6-f74516ae9844,seeds.my,premium,97.92,,high,low,5,name.com,,,
2ca2583c-ddad-4ac2-b313-f2b4be6471a5,bivalent.my,available,2.98,38.98,high,low,8,namecheap,,,10/08/2026 08:58
e7ba715e-ec65-42d3-8bb1-1b4cbf1b2366,asur.my,available,2.98,38.98,medium,low,4,namecheap,,,20/09/2026 16:43
a790a153-6aac-4cb5-8ba4-2be75d3dc857,crass.my,available,2.98,38.98,medium,low,5,namecheap,,,13/08/2026 05:23
3ce856dc-24cd-4897-a1ef-54cfaa682140,untasted.my,available,2.98,38.98,low,low,8,namecheap,,,12/09/2026 21:05
137325ef-e0f2-4270-8d8d-473114936c41,montevideo.my,premium,350.31,350.31,high,low,10,namesilo,,,24/09/2026 12:30
2a6acfae-858f-4107-928d-e25fd474b2ce,marys.my,available,2.28,25.88,high,low,5,spaceship,,,02/10/2026 22:52
132f85ef-3e08-46b8-9c1d-ce7f2f5bcf96,estimation.my,available,3.49,29.99,high,low,10,namesilo,,,19/09/2026 22:26
0240f461-673a-4d33-b22e-6ffbcbf7d195,capua.my,available,2.28,25.88,medium,low,5,spaceship,,,02/10/2026 18:56
2a414c22-4780-4b90-a635-2ff801f0ffa8,dolly.my,available,2.28,25.88,high,low,5,spaceship,,,27/09/2026 13:05
f40aa7b9-e0ff-4a20-893d-18363629d724,fuckster.my,available,2.37,26.06,medium,low,8,porkbun,,,02/10/2026 05:00
028f589c-a93b-4394-ad5e-66f21fb727b5,boron.my,available,3.49,29.99,medium,low,5,namesilo,,,20/09/2026 23:12
48ff8fae-fb18-4a26-b49b-1d579cfb48f8,chelsea.my,premium,91.96,91.96,high,low,7,namesilo,,,25/09/2026 14:48
4c6b4083-c639-4bc0-a4b4-77e424e1a3f0,fellowships.my,available,3.49,29.99,medium,low,11,namesilo,,,21/09/2026 08:52
a2e19312-9890-45e8-8b77-7813bc2b9157,checkup.my,available,2.98,38.98,high,low,7,namecheap,,,24/08/2026 18:57
4b74529a-d128-4608-941f-78135187f02f,unfortunate.my,available,3.49,29.99,medium,low,11,namesilo,,,26/09/2026 03:07
0cecdbdc-18ce-4555-b70e-250d2fabf20e,gasping.my,available,3.49,29.99,medium,low,7,namesilo,,,02/10/2026 07:24
ee667fd5-732b-48e9-97f2-61f53de2a513,lies.my,premium,243.7,,medium,low,4,name.com,,,
5c19137d-5587-4ef8-bfcb-fe9e9b1dae83,batiste.my,available,3.49,29.99,medium,low,7,namesilo,,,22/09/2026 14:05
753fa4a4-f10b-41d3-89f5-03ad25c92862,debut.my,premium,97.97,139.96,high,low,5,namecheap,,,24/09/2026 21:09
92f2df2f-b5ec-4f58-bccd-cd038603cf04,parametric.my,available,2.98,38.98,high,low,10,namecheap,,,08/09/2026 01:01
b3ee6006-6bf1-4a10-9d55-80519dbdb038,yams.my,resell,,,medium,low,4,Shinjiru Technology Sdn Bhd,23/12/2025 04:25,23/12/2026 04:25,26/09/2026 10:15
46c8f0f0-2514-45d6-8281-9ccb51eebc8c,untucked.my,available,2.98,38.98,low,low,8,namecheap,,,12/09/2026 21:50
f3a9079c-271d-400b-a48c-43ae94f1cd84,relations.my,available,3.49,29.99,high,low,9,namesilo,,,30/09/2026 09:32
7a829f59-36e3-446f-99c9-b9e3552b7621,dwarf.my,available,2.98,38.98,medium,low,5,namecheap,,,24/08/2026 22:31
cb4dff99-b019-4ec3-81e1-36ae34bc1518,evaluated.my,available,2.28,25.88,medium,low,9,spaceship,,,01/10/2026 16:32
bf8e222c-ed05-4b0e-98fd-4fe822b5c36f,encouragement.my,available,2.98,38.98,medium,low,13,namecheap,,,28/09/2026 22:35
d5d0fa45-5191-47eb-a5ff-7836ad714e9d,characterized.my,available,2.28,25.88,low,low,13,spaceship,,,30/09/2026 23:27
4ecba66f-8ad8-45c0-a832-6331c626cdcc,penultima.my,available,2.98,38.98,medium,low,9,namecheap,,,08/09/2026 15:14
2f2841ed-d1d7-4324-880f-f65aa4d54609,nevada.my,premium,350.31,350.31,high,low,6,namesilo,,,29/09/2026 01:35
9fe7aacb-ff2e-4a0b-a698-728ce44e6211,mechanics.my,available,3.49,29.99,high,low,9,namesilo,,,01/10/2026 11:01
3de027ce-708e-4996-b2ff-3acffa2eee54,athyrium.my,available,2.98,38.98,medium,low,8,namecheap,,,20/09/2026 21:22
a74e3600-9dff-421c-aff4-5d76b972ce62,speedy.my,resell,,,high,low,6,"Dynadot, LLC",19/02/2026 22:08,19/02/2027 22:08,26/09/2026 09:12
7f96ebac-5ec2-4979-b0dd-07bc4e70b2f4,reluctantly.my,available,3.49,29.99,medium,low,11,namesilo,,,30/09/2026 11:53
d977c3b3-c2c7-4047-aead-3a40e50141e2,paging.my,available,2.28,25.88,high,low,6,spaceship,,,01/10/2026 19:37
2d5675c9-f072-426e-a12d-2263c161d90d,backside.my,available,2.98,38.98,medium,low,8,namecheap,,,09/08/2026 10:44
9f2d0825-7de9-48b7-bc7b-678f315e16af,rules.my,premium,98.03,140.04,high,low,5,namecheap,,,03/10/2026 02:08
19c0008c-e844-465d-9c7a-f06e1d01dabe,importance.my,available,2.28,25.88,high,low,10,spaceship,,,29/09/2026 21:24
0377e513-7e62-4918-b62e-8bd731c4dfa1,error.my,premium,140.12,140.12,high,low,5,namesilo,,,24/09/2026 16:56
3c2c6001-ff0d-4a84-9448-9f690c5a47d2,riotous.my,available,19.99,49.99,medium,low,7,name.com,,,13/08/2026 20:26
48dd71e9-deb6-49de-a044-6e053ed719c1,exists.my,premium,91.96,91.96,medium,low,6,namesilo,,,27/09/2026 02:40
97083f35-9fc1-485d-b844-027598149688,celeriac.my,available,3.49,29.99,medium,low,8,namesilo,,,19/09/2026 17:33
06ae2fba-a891-44a1-8a53-3cd91ce84fa4,methuen.my,available,3.49,29.99,medium,low,7,namesilo,,,30/09/2026 14:06
1e250570-8c59-4cb5-8945-f1cb8d7a71b6,ipa.my,resell,,,high,low,3,,,,29/09/2026 09:21
4b3b5b17-fc1f-4ff5-a6e4-57075737d578,abington.my,available,2.98,38.98,high,low,8,namecheap,,,02/10/2026 01:44
9e2b0c59-9a4a-4170-a853-8442a96d389e,solvable.my,available,2.28,25.88,high,low,8,spaceship,,,27/09/2026 12:17
4408b9d2-8734-44d1-8c9f-7ba65c1f112b,soapy.my,available,2.98,38.98,medium,low,5,namecheap,,,11/08/2026 11:48
370cbf15-733c-4cde-9cd5-2d88bc88cd59,damages.my,premium,91.96,91.96,high,low,7,namesilo,,,18/09/2026 18:40
408559a5-4ac2-4486-8ff3-ec1a63250276,tramway.my,available,3.49,29.99,medium,low,7,namesilo,,,17/09/2026 12:48
9af713c9-e317-498c-91da-0a348a5a0ea0,frye.my,available,2.99,28.75,medium,low,4,dynadot,,,28/09/2026 19:16
fbbf157a-e551-47d6-a093-6d87d188b2cf,foam.my,premium,350.31,350.31,high,low,4,namesilo,,,28/09/2026 05:46
5a907c88-c1d8-4d64-896d-50e4e047721e,ernst.my,premium,700.62,700.62,high,low,5,namesilo,,,25/09/2026 05:39
098e5468-6ed3-401b-a1f7-7435082cf383,noose.my,available,2.28,25.88,medium,low,5,spaceship,,,03/10/2026 01:41
2c78ab2a-8111-49b3-bdb2-3668afa6c55b,operating.my,resell,,,high,low,9,Exabytes Network Sdn Bhd,06/06/2026 06:01,06/06/2027 06:01,02/10/2026 11:45
ab0237e3-edba-4fe9-9334-18651c17f93b,adoptable.my,available,2.98,38.98,high,low,9,namecheap,,,
d8a857a4-7e3d-4319-b9cb-8a60c32a4077,legge.my,available,3.49,29.99,medium,low,5,namesilo,,,01/10/2026 22:42
624f8fcc-21bc-4453-a73d-b198efd34ce3,amenra.my,available,2.98,38.98,medium,low,7,namecheap,,,18/09/2026 18:32
a25dd96a-bae5-4e83-b995-f6869590326a,normality.my,available,2.28,25.88,high,low,9,spaceship,,,30/09/2026 05:51
e0bc0b6e-0809-43cf-a7c4-6ffac2c3c2f4,amputee.my,available,2.98,38.98,medium,low,7,namecheap,,,18/09/2026 23:54
1df9bece-e177-4668-94d5-508780ddd1f9,rendering.my,available,2.28,25.88,high,low,9,spaceship,,,29/09/2026 19:21
e3b02a8f-31e7-4b10-a772-0c2bdfc717e8,blastoff.my,available,3.49,29.99,high,low,8,namesilo,,,24/09/2026 04:43
4fc1623c-db2e-4721-909f-e85ec2d99879,physiology.my,available,2.28,25.88,high,low,10,spaceship,,,29/09/2026 19:59
fd265a92-bc83-4219-bf61-3489a014786c,admire.my,premium,350.31,350.31,high,low,6,namesilo,,,28/09/2026 03:18
2ce544f8-f7a9-418a-b04c-23ba08b00810,significantly.my,available,2.28,25.88,medium,low,13,spaceship,,,01/10/2026 05:34
aebed926-eb11-4e4d-b1ea-2e1fbf5abf15,wrathful.my,available,2.98,38.98,medium,low,8,namecheap,,,13/09/2026 13:36
5d154b69-7668-4b1e-ae2e-76e57ee7663c,benne.my,available,3.49,29.99,medium,low,5,namesilo,,,23/09/2026 08:27
ecb624ab-380d-4216-9fbe-f9446220bcab,anaerobic.my,available,2.98,38.98,medium,low,9,namecheap,,,
1ced8541-387b-45aa-a446-6d0d371ea4e8,provoked.my,available,2.98,38.98,medium,low,8,namecheap,,,09/09/2026 04:38
49324c22-7836-40b9-959a-b85fbc41cfd1,una.my,premium,700.62,700.62,high,low,3,namesilo,,,29/09/2026 14:42
8b132841-2e75-4af4-9a0e-ba140302788b,laramie.my,available,3.49,29.99,medium,low,7,namesilo,,,28/09/2026 14:40
6a5be33f-023d-45d6-acee-86baf6dc5998,grievance.my,available,2.37,26.06,medium,low,9,porkbun,,,02/10/2026 05:07
3eb7d441-67a0-40c8-ad4e-7064b3b3a0dc,night.my,premium,390.66,558.09,high,low,5,spaceship,,,30/09/2026 05:42
ebf9f1b5-e702-4280-a53d-8f6ee96ddb63,tastily.my,available,3.49,29.99,medium,low,7,namesilo,,,16/09/2026 08:03
257e0f07-13b0-49f3-a520-b61110f8bc19,unshadowed.my,available,2.98,38.98,low,low,10,namecheap,,,12/09/2026 19:29
70fb3aaf-9c49-42b0-8d8d-129f2d4cf5ac,replacements.my,available,3.49,29.99,medium,low,12,namesilo,,,29/09/2026 17:20
e9140593-6403-4244-8d96-34aa5228d274,washes.my,available,3.49,29.99,medium,low,6,namesilo,,,20/09/2026 04:54
2d0263cb-c15a-4076-a329-81f52094dc62,superlunar.my,available,2.98,38.98,medium,low,10,namecheap,,,11/09/2026 02:21
4800e2cc-1565-437a-9e8b-ddef75e38292,lathery.my,available,2.98,38.98,medium,low,7,namecheap,,,22/08/2026 20:36
409f64cd-405a-45b5-a7d2-89a75b1b7918,weighted.my,premium,68.86,98.37,high,low,8,namecheap,,,13/09/2026 10:08
d4c77086-beea-40d0-9f04-eb401ee19250,reliant.my,premium,492.92,704.17,high,low,7,namecheap,,,09/09/2026 13:35
9756cd80-e0d0-4da9-ab52-ea305be7f3f4,allosaur.my,available,3.49,29.99,medium,low,8,namesilo,,,18/09/2026 12:04
b7235c6a-a604-406b-8774-7606ba88bc6b,clowning.my,available,2.28,25.88,medium,low,8,spaceship,,,29/09/2026 05:10
205bad76-f498-4010-bd6d-0e5844916da7,fearfully.my,available,2.98,38.98,medium,low,9,namecheap,,,14/09/2026 18:04
b5efd7d2-18ae-473d-a5a9-a29dd7c21ac3,alkalinity.my,available,3.49,29.99,medium,low,10,namesilo,,,18/09/2026 08:19
fb8c026c-5c51-460f-8c26-965cac864d62,journalistic.my,available,3.49,29.99,medium,low,12,namesilo,,,02/10/2026 02:11
6d371950-e61f-4bcc-9ec9-de11560b5465,played.my,premium,68.8,98.28,high,low,6,namecheap,,,27/09/2026 04:03
4af62e61-3ab2-42f8-af80-4b239b8bef7f,coupled.my,premium,65.96,94.24,high,low,7,name.com,,,12/08/2026 22:15
3e2710e1-10a0-41e5-9d5f-4dbd6bb33ad6,enabling.my,premium,65.95,94.22,high,low,8,name.com,,,16/08/2026 21:07
e5c3b251-48b1-4908-a850-b59ef8459cbb,traps.my,available,3.49,29.99,high,low,5,namesilo,,,20/09/2026 04:06
50a1312a-0fad-454f-a430-9138165c635f,saline.my,available,2.98,38.98,high,medium,6,namecheap,,,09/09/2026 20:54
b6b34912-22bb-43dc-9a32-d6feb5388e73,neighborly.my,available,2.98,38.98,high,low,10,namecheap,,,03/09/2026 15:16
291dc794-7a0c-40c7-84ae-c2388e03f524,combination.my,available,2.98,38.98,high,low,11,namecheap,,,27/09/2026 02:14
73dbd571-e82c-42e2-af47-886d85334988,sperry.my,available,2.28,25.88,medium,low,6,spaceship,,,29/09/2026 00:47
b37f3ac1-aeda-4420-8b8d-c8cd45d7708e,eleven.my,premium,1455.98,1455.98,high,low,6,namesilo,,,21/09/2026 11:20
4fabefe4-b6e1-4515-b6f3-7df53e040ed7,muni.my,resell,,,high,low,4,,,,30/09/2026 12:26
5db6e119-e66d-42e2-954b-403aa9834b9b,supposable.my,available,2.98,38.98,high,medium,10,namecheap,,,09/09/2026 01:46
6e998c4a-7be2-46c6-bec9-360f33846b2f,comparing.my,available,2.98,38.98,high,low,9,namecheap,,,24/09/2026 16:45
14d3b097-3dca-49b3-8280-69e9a1f32e2e,brigade.my,available,3.49,29.99,high,low,7,namesilo,,,24/09/2026 10:19
78940414-df26-4749-9212-eac1c20674a2,ripped.my,available,2.28,25.88,high,low,6,spaceship,,,27/09/2026 17:41
6877257d-5122-4ce9-9549-09723e100a1f,teased.my,available,2.98,38.98,medium,low,6,namecheap,,,11/09/2026 09:55
9b0b6858-6a07-4a29-8aa1-b1ebe4139d7e,acade.my,resell,,,high,low,7,Webplus Digital Sdn Bhd.,01/07/2015 16:00,01/07/2027 16:00,26/09/2026 01:19
84c6ebba-35c9-45bd-adfc-9039e02daaa2,immature.my,available,2.98,38.98,medium,low,8,namecheap,,,21/08/2026 20:52
8ffc57cc-9197-4e43-857c-9013313296d3,definitions.my,available,3.49,29.99,medium,low,11,namesilo,,,01/10/2026 16:52
c9917cfd-0d89-4b32-87ab-364dafd90f46,capitalise.my,available,3.49,29.99,high,low,10,namesilo,,,30/09/2026 17:01
d3fb2899-e1ca-4ba3-826b-90b9d45fb9da,opaline.my,available,2.98,38.98,medium,low,7,namecheap,,,04/09/2026 15:45
badf4104-f732-4691-9944-38ed60bf33f7,flit.my,available,2.98,38.98,high,low,4,namecheap,,,18/08/2026 07:46
d291f85f-d2c5-4b08-baa5-89bea35640ef,rays.my,premium,700.62,700.62,high,medium,4,namesilo,,,28/09/2026 13:03
541b4149-e4cf-41f9-8a4b-64ac78c59adb,suharto.my,available,3.49,29.99,high,low,7,namesilo,,,01/10/2026 03:56
bd5e687d-f1a6-46b8-b054-fced794b5551,shelter.my,premium,54.67,78.1,high,low,7,spaceship,,,30/09/2026 11:05
f1877cc7-bb75-489b-a867-9f8f53dccfd5,borden.my,available,2.28,25.88,high,low,6,spaceship,,,28/09/2026 07:29
ee5d71f7-8aa9-4154-a513-f166a9d7598c,jahan.my,available,2.98,38.98,medium,low,5,namecheap,,,02/10/2026 09:26
09a0786c-0b43-4e09-9090-b1bf2f1ac51a,tainted.my,available,2.98,38.98,medium,low,7,namecheap,,,11/09/2026 07:12
83ee6cca-8caa-44a0-b259-721bcf5738d6,singletree.my,available,19.99,,medium,low,11,name.com,,,
2b693dfa-ba20-4b57-9b42-84718c312995,delacroix.my,available,2.98,38.98,high,low,9,namecheap,,,02/10/2026 14:50
19e0a91c-5317-4bff-a2c9-f1be27606059,beekeeping.my,available,3.49,29.99,high,low,10,namesilo,,,19/09/2026 17:24
056573ed-d8f4-4aff-baa5-45e98b387fd5,jewell.my,available,2.99,28.75,medium,low,6,dynadot,,,29/09/2026 04:07
b8320656-66ab-4432-be1b-1582f20e2506,academism.my,available,2.98,38.98,medium,low,9,namecheap,,,16/09/2026 20:23
b8230f68-03aa-490a-a8f9-11e4e5d19fdb,publishers.my,available,3.49,29.99,medium,low,10,namesilo,,,20/09/2026 01:32
d8902d1e-9d9d-4393-83b8-5cb5b90717f6,alberta.my,premium,68.38,97.68,high,low,7,namecheap,,,18/09/2026 02:45
e18dfd40-a0c2-41af-b7f7-8a342a817f1e,indulgent.my,available,2.98,38.98,high,low,9,namecheap,,,22/08/2026 03:33
079c0433-04aa-4c62-92d5-7f785548fe50,alberti.my,available,2.98,38.98,high,low,7,namecheap,,,18/09/2026 02:45
d4d697b7-2ff6-478f-949c-e98045b60703,calendars.my,available,2.98,38.98,medium,low,9,namecheap,,,16/09/2026 19:52
9913a703-0357-4af8-8111-1b863e6c6e5e,speciality.my,available,2.98,38.98,high,low,10,namecheap,,,18/08/2026 12:32
8a036e02-78f6-4ad0-84b8-44ffe8e2361e,reopening.my,available,2.98,38.98,high,low,9,namecheap,,,01/10/2026 06:34
49ab0801-6e71-4d6e-93aa-14bd415aafbe,silverbush.my,available,3.49,29.99,medium,low,10,namesilo,,,19/09/2026 14:04
238597b7-f721-4262-bae6-fe9ecdfcb574,guangzhou.my,premium,350.31,350.31,high,low,9,namesilo,,,28/09/2026 13:37
23ee7c38-d6b8-4fb2-adc1-7d8c49846e90,undertaking.my,available,2.28,25.88,high,low,11,spaceship,,,29/09/2026 21:13
abafcfba-83d5-4ff7-88e4-9e511087df2d,comforting.my,available,2.98,38.98,high,low,10,namecheap,,,12/08/2026 03:43
d43d641d-defb-40ac-a6e8-836dcd0aafd5,johns.my,premium,78.16,111.67,high,low,5,spaceship,,,29/09/2026 07:22
611fa789-0618-4e8f-a9f8-200fb47f3dba,transferring.my,available,3.49,29.99,high,low,12,namesilo,,,28/09/2026 16:00
14ad035f-0604-455f-9d72-e72951d68ae4,appears.my,premium,68.8,98.28,medium,low,7,namecheap,,,25/09/2026 20:18
5f4f6d3a-0f83-4e41-b5ab-5a2c02ba851f,depend.my,premium,490.92,701.32,high,low,6,namecheap,,,30/09/2026 18:33
9dd3cf80-0847-48d0-8314-57fd84409f64,trifling.my,available,2.98,38.98,medium,low,8,namecheap,,,05/09/2026 00:21
fbf1b19b-ec9e-452a-909d-be9c556a31ef,taiwanese.my,available,2.98,38.98,high,low,9,namecheap,,,18/08/2026 12:14
a89ade8b-da65-4273-983c-fb20d861b0dc,buzzer.my,available,3.49,29.99,high,low,6,namesilo,,,30/09/2026 16:33
f3d6b725-ba0a-4446-b277-571c0433c71a,veal.my,available,3.49,29.99,medium,low,4,namesilo,,,30/09/2026 14:19
d8c21dc5-fb6a-4a53-9cc1-d0dc6abb7b96,causally.my,available,2.98,38.98,medium,low,8,namecheap,,,14/09/2026 06:01
9d373a21-14e2-4eb5-9adc-6451eb5431d0,fierily.my,available,2.98,38.98,low,low,7,namecheap,,,14/09/2026 18:22
78fceb93-50dc-425b-8a47-764ddca87f1f,grabs.my,available,2.28,25.88,medium,low,5,spaceship,,,29/09/2026 11:38
707ee78b-99c5-4d34-bab8-b12d7273ee98,esteem.my,resell,3.49,29.99,high,low,6,namesilo,,,28/09/2026 18:46
6d9cfdad-f4db-4e4e-9fce-a3433b66626d,which.my,premium,700.62,700.62,high,medium,5,namesilo,,,30/09/2026 22:26
379ddea4-b034-434d-af58-51e0310b648c,nepalese.my,available,2.98,38.98,high,low,8,namecheap,,,03/09/2026 15:35
6327f735-f4a9-44b2-8fb0-5cffbcfd36ad,outsized.my,available,2.98,38.98,medium,low,8,namecheap,,,04/09/2026 19:40
321c7256-dc6d-4585-b57a-a688957e80c6,adherent.my,available,2.98,38.98,high,low,8,namecheap,,,
9948348c-cb11-42fe-83b3-078f0b9fa83f,operationally.my,available,2.99,28.75,medium,low,13,dynadot,,,29/09/2026 17:55
e6dcb0e3-9dd4-4c01-8204-b2fbf2ab7af4,byrd.my,available,3.49,29.99,high,low,4,namesilo,,,17/09/2026 08:47
0e9c435b-3dd6-43da-a889-f51166f28238,wheel.my,premium,700.62,700.62,high,low,5,namesilo,,,27/09/2026 03:13
34f3560d-d35b-440b-ac36-55213a3b4f51,shallot.my,available,3.49,29.99,medium,low,7,namesilo,,,18/09/2026 11:16
59f8301e-f65f-45e0-af63-b6e7d3582657,andover.my,available,2.98,38.98,high,low,7,namecheap,,,27/09/2026 18:38
17f9d307-4713-4e21-a526-5ce1ed36b865,decor.my,premium,78.01,111.44,high,low,5,spaceship,,,01/10/2026 19:12
89fbb9d6-4f77-4f83-a414-f5cd6bdffd60,gooey.my,available,2.98,38.98,medium,low,5,namecheap,,,20/08/2026 16:53
41c9d786-9c16-42df-95c5-32afe46740d1,qinghai.my,available,2.28,25.88,medium,low,7,spaceship,,,03/10/2026 05:24
5f2761a0-896f-452d-8fd4-98e28f3a5132,reynolds.my,premium,700.62,700.62,high,low,8,namesilo,,,25/09/2026 10:19
2ee57d77-6883-4149-80cd-15f8aa572825,scarecrow.my,available,3.49,29.99,high,low,9,namesilo,,,23/09/2026 19:41
26150375-c82f-4d47-80ab-5720b5eee983,ploy.my,premium,550,550,high,low,4,dynadot,,,02/10/2026 15:26
500106e4-a37f-4418-9739-d2eb4efd6374,reducing.my,premium,54.69,78.13,high,low,8,spaceship,,,29/09/2026 07:56
92d7de15-07e2-403b-b112-347ab8f1e886,stabbing.my,available,2.98,38.98,medium,low,8,namecheap,,,22/08/2026 19:19
085e7592-f664-49cf-99e8-576d4b90cf75,abysm.my,available,2.98,38.98,medium,low,5,namecheap,,,16/09/2026 19:45
fdfcec6d-fb9d-4f43-87c4-c209dfaf8e17,contains.my,premium,91.96,91.96,medium,low,8,namesilo,,,18/09/2026 15:08
dbb5967f-2063-45fc-bfab-57ee95abb984,blindly.my,available,2.98,38.98,medium,low,7,namecheap,,,14/09/2026 00:21
83261564-12fc-493b-aa8e-a33d39cca809,sichuan.my,available,2.28,25.88,medium,low,7,spaceship,,,28/09/2026 15:21
36659bc8-6755-4e44-afb1-380b4f1901a2,fte.my,premium,140.12,140.12,high,low,3,namesilo,,,29/09/2026 03:33
52e9b508-fce0-441e-a6d4-b08f774d93c0,motorcoach.my,available,2.98,38.98,medium,low,10,namecheap,,,21/09/2026 06:31
1ea7f74d-5985-4de3-af2b-5a000ba3ab58,marek.my,available,2.28,25.88,medium,low,5,spaceship,,,29/09/2026 17:56
8c5e28a0-315a-4eda-8983-2d363cd9c36c,subordinate.my,available,2.28,25.88,high,low,11,spaceship,,,30/09/2026 11:42
4955d1b8-7680-4975-b7dc-6391abb26b10,amylum.my,available,3.49,29.99,medium,low,6,namesilo,,,19/09/2026 00:32
5ce58d3f-bacd-451a-a7fd-0c3c1ea1331a,pill.my,premium,195.25,278.93,medium,low,4,spaceship,,,28/09/2026 21:31
863047a0-93d6-4dcd-8081-3212bce5aca8,junoesque.my,available,2.98,38.98,medium,low,9,namecheap,,,22/08/2026 14:31
74f75bd6-137b-49d7-b6d3-711e830ed0f9,orphaned.my,available,2.98,38.98,medium,low,8,namecheap,,,04/09/2026 18:01
13ceed3e-fe36-4612-b5a0-77f5fb8c215d,belief.my,premium,91.96,91.96,high,low,6,namesilo,,,23/09/2026 05:12
f484d5ac-5ee3-45aa-8fb3-1f710ebfc41e,stealing.my,available,2.98,38.98,medium,low,8,namecheap,,,11/09/2026 13:24
d3074728-7713-427b-9854-eb5265dc5a73,chairs.my,premium,68.38,97.68,medium,low,6,namecheap,,,17/09/2026 18:32
835bf63d-2f19-4c3c-a4bc-158fa75b1d34,murders.my,available,2.98,38.98,low,low,7,namecheap,,,25/09/2026 21:34
aa26f4ca-52f4-451a-80d5-935e52fbe913,petulant.my,available,2.98,38.98,medium,low,8,namecheap,,,22/08/2026 10:27
502f20ad-3d83-4d37-ac9b-4408f5ffc86e,baggy.my,available,3.49,29.99,high,low,5,namesilo,,,22/09/2026 16:21
28b4f81b-e9ea-464c-8f9f-7a430e30e909,abila.my,available,2.98,38.98,medium,low,5,namecheap,,,16/09/2026 15:52
11a0873a-a308-4e23-9049-b6793e57de22,personal.my,premium,550,550,high,low,8,dynadot,,,01/10/2026 21:13
74ddf4b0-469b-4864-a29c-bd4343b2b003,weepy.my,available,2.98,38.98,medium,low,5,namecheap,,,13/09/2026 10:06
87f87909-3034-48fa-85f7-4c62aabb3c65,nubby.my,available,2.98,38.98,medium,low,5,namecheap,,,21/08/2026 11:15
055ddfdb-5c3e-40e9-8451-c1b129b69212,chian.my,available,2.98,38.98,medium,low,5,namecheap,,,12/08/2026 04:34
b152503a-f981-43bd-b36f-4f54002e28ea,behmen.my,available,3.49,29.99,medium,low,6,namesilo,,,23/09/2026 03:43
c984204f-6ccd-45f9-89d6-7b4f69ce9cbc,baa.my,premium,470.59,672.28,high,low,3,name.com,,,10/08/2026 13:40
86076b17-39a3-4672-9559-1385aeb2cbfe,ternate.my,available,2.98,38.98,medium,low,7,namecheap,,,11/09/2026 11:53
af12842e-4d57-4114-beb4-742fcf211685,impute.my,available,3.49,29.99,high,low,6,namesilo,,,21/09/2026 02:18
fca26cd7-3167-4a00-8f33-afd2cc5cc3c8,berlioz.my,available,3.49,29.99,medium,low,7,namesilo,,,23/09/2026 09:39
cd6e7e6f-987f-4ef6-8710-1a7abc6caee7,jelled.my,available,2.98,38.98,medium,low,6,namecheap,,,12/08/2026 21:27
fee353ad-5192-40fa-a791-6e398e90a13d,accelerator.my,premium,980.29,1400.41,high,low,11,namecheap,,,02/10/2026 05:28
a951097e-f402-4b86-81ee-28a67c675d84,abortion.my,premium,91.96,91.96,high,low,8,namesilo,,,16/09/2026 16:39
9fb93657-693b-4560-b10f-e31be1a56245,terrible.my,premium,91.96,91.96,high,low,8,namesilo,,,22/09/2026 15:19
50342f8b-ab7a-4805-b493-94140fb972f3,phrasal.my,available,2.98,38.98,high,medium,7,namecheap,,,08/09/2026 19:19
6485fe09-ef26-42dd-98e2-4ce48b94f5ae,mio.my,premium,390.66,558.09,high,low,3,spaceship,,,30/09/2026 12:31
5b2ce1e9-bfa0-4fad-8fb0-1588bac28233,abnormalities.my,available,2.98,38.98,low,low,13,namecheap,,,02/10/2026 12:32
99128402-d14d-4506-9099-f86ab9c2d23f,saler.my,available,2.28,25.88,high,low,5,spaceship,,,01/10/2026 12:20
8fc10891-7532-4281-9c5f-4cbef20a2952,pochard.my,available,3.49,29.99,medium,low,7,namesilo,,,21/09/2026 10:48
b8ac7f09-0b55-40fc-8caa-55d82ae32e9f,feeler.my,available,3.49,29.99,medium,low,6,namesilo,,,22/09/2026 04:48
a74a91d8-360d-4c4b-9d34-996bb4efe589,lutzen.my,available,3.49,29.99,medium,low,6,namesilo,,,22/09/2026 15:24
ee208a5b-1aa7-456a-a96b-7968cb35bf28,jutland.my,available,3.49,29.99,medium,low,7,namesilo,,,22/09/2026 15:18
4c221388-7f03-4567-87ae-97565cca3acb,enchanting.my,available,2.98,38.98,medium,low,10,namecheap,,,09/08/2026 18:21
f92e631d-c5c5-466e-9f78-863ea239f328,signatures.my,available,3.49,29.99,medium,low,10,namesilo,,,28/09/2026 23:59
8af89841-4171-4765-a0a7-4a2b7ceefd8f,amble.my,available,3.49,29.99,medium,low,5,namesilo,,,18/09/2026 16:54
376d1c5f-89aa-4385-9d53-326b66c60c91,oasis.my,premium,390.51,557.87,high,medium,5,spaceship,,,29/09/2026 07:10
aa89986c-7187-4503-8f01-0c8907f43bc7,simulated.my,available,2.28,25.88,high,low,9,spaceship,,,03/10/2026 03:48
ba234052-d960-476b-8eba-4b05a3c97bcf,cherish.my,available,2.98,38.98,high,low,7,namecheap,,,29/09/2026 08:23
62f14de2-faf7-4bad-a423-9237c7ff8219,cecile.my,available,3.49,29.99,medium,low,6,namesilo,,,03/10/2026 04:56
1d341f30-892d-4aca-b9d2-b7898fd242f8,waited.my,available,2.98,38.98,medium,low,6,namecheap,,,18/09/2026 01:45
d873771b-e73e-4518-bb58-e008c01f26a1,cameraman.my,available,2.28,25.88,high,low,9,spaceship,,,29/09/2026 06:02
4bb22972-161b-4eab-b902-aa390a5388ef,tricks.my,premium,68.8,98.28,medium,low,6,namecheap,,,25/09/2026 17:54
b07aa2e2-4b0c-43e4-b47c-6105d49335de,berkelium.my,available,3.49,29.99,medium,low,9,namesilo,,,21/09/2026 00:14
aee1ebf7-6673-4c0c-82c1-99d37b2c204b,ust.my,premium,390.66,558.09,high,low,3,spaceship,,,30/09/2026 04:28
e17bb23d-5a70-4288-aeaa-0cf89cb1f171,scalar.my,premium,491.89,702.7,high,low,6,namecheap,,,09/09/2026 22:16
6d68c750-11da-40e4-b71e-5e4f4da708ec,upbound.my,available,2.98,38.98,medium,low,7,namecheap,,,12/09/2026 23:02
f236d36c-23ba-4e45-8249-287fdbffd753,gino.my,available,2.28,25.88,high,low,4,spaceship,,,30/09/2026 04:18
57d5122c-6821-477f-a32d-2862ba45e3a1,imprecise.my,available,2.98,38.98,medium,low,9,namecheap,,,21/08/2026 23:00
635c94a7-409f-4247-97da-bae4669f8b74,suggested.my,available,2.98,38.98,medium,low,9,namecheap,,,18/09/2026 13:48
6b0840ff-7958-41c2-8387-1322a506a993,namely.my,premium,91.96,91.96,medium,low,6,namesilo,,,28/09/2026 16:21
4f770c52-838e-4afa-b162-c4bab4b305c0,scene.my,premium,97.97,139.96,high,low,5,namecheap,,,24/09/2026 18:53
1b20573b-355b-4c71-aaa5-ab2da8c294a7,rumours.my,available,2.98,38.98,medium,low,7,namecheap,,,30/09/2026 00:33
632f5eee-4da8-4709-8695-c359423390ac,laterally.my,available,2.98,38.98,medium,low,9,namecheap,,,15/09/2026 10:56
5ef6e937-696f-4e04-a7e8-1af076fdcf99,artificer.my,available,2.98,38.98,high,low,9,namecheap,,,20/09/2026 11:38
d27d63a8-1eeb-4150-9365-fd3bc8e0e0ed,discharge.my,available,3.49,29.99,high,low,9,namesilo,,,20/09/2026 01:05
c7b8a4b5-96c9-4355-88b6-451b8d710172,lit.my,resell,,,high,medium,3,"Dynadot, LLC",27/06/2024 09:18,27/06/2027 09:18,26/09/2026 07:16
efd3fce6-4ae3-44e1-a416-29a945bdac8f,aortic.my,available,2.98,38.98,medium,low,6,namecheap,,,05/08/2026 21:54
baed65bc-491c-4616-8570-62f97aa98883,exorbitant.my,available,2.98,38.98,medium,low,10,namecheap,,,17/08/2026 17:36
e01a65b2-ea68-431d-b561-04d43120bc3d,boer.my,available,2.98,38.98,medium,low,4,namecheap,,,
ec8c2b3d-6e23-4b0d-b03c-b2ae888030ac,strontium.my,available,3.49,29.99,medium,low,9,namesilo,,,20/09/2026 22:59
3a269910-951c-4f3f-b476-2d88dca6dfa1,subverter.my,available,2.98,38.98,medium,low,9,namecheap,,,09/09/2026 16:25
6eb8f0c8-13eb-48b7-ad00-29297da80ea9,rawlins.my,available,2.28,25.88,high,low,7,spaceship,,,01/10/2026 12:10
5dc9a3a8-ce66-4f25-b782-7a516e7de0f8,higgins.my,available,3.49,29.99,high,low,7,namesilo,,,25/09/2026 13:27
36e6952e-361a-4d26-a18d-e6c29f9f128a,judgmental.my,available,2.98,38.98,medium,low,10,namecheap,,,22/08/2026 14:10
73516254-e511-4905-8072-173c35f65481,fraught.my,available,2.98,38.98,medium,low,7,namecheap,,,18/08/2026 14:23
e1a02e0f-60a5-4586-bd1b-40ad5d1bb654,aegir.my,available,2.98,38.98,medium,low,5,namecheap,,,14/08/2026 22:18
37822e4c-1cfc-42ad-b23a-be6d1ff6dc18,appreciate.my,premium,350.31,350.31,high,low,10,namesilo,,,27/09/2026 06:44
d20f6514-e1a1-4875-b96a-4cf38796d721,msp.my,premium,700.62,700.62,high,low,3,namesilo,,,01/10/2026 08:08
fcebd0c7-926b-4bf4-a501-aba04bba6c3c,anole.my,available,2.98,38.98,medium,low,5,namecheap,,,18/09/2026 19:28
f8ef3205-df72-420d-8089-a310817392c8,fold.my,premium,350.31,350.31,high,low,4,namesilo,,,28/09/2026 14:00
0bd7aa93-795a-4a5e-bec7-dd93e50825d2,makings.my,available,3.49,29.99,high,low,7,namesilo,,,20/09/2026 04:27
5dc18eac-6878-4965-ad07-9ef6f6abf198,intrigued.my,available,2.28,25.88,medium,low,9,spaceship,,,30/09/2026 00:46
54b63b4b-5f37-45fb-ab74-ac7c953156fe,rusty.my,available,2.98,38.98,high,low,5,namecheap,,,04/09/2026 18:46
5c515bb5-8d92-4645-ace8-e7c62b3eeee9,borderline.my,available,3.49,29.99,high,low,10,namesilo,,,23/09/2026 00:01
9c95d834-cf31-481f-9f97-039361205308,oklahoma.my,premium,700.62,700.62,high,low,8,namesilo,,,26/09/2026 00:08
00defe3d-855f-429d-9bb1-c2d56f6f1aa8,balsam.my,available,3.49,29.99,medium,low,6,namesilo,,,22/09/2026 00:04
4e9b9ca8-e0dd-425c-9b19-3a708be59afd,texts.my,premium,98.12,140.18,medium,low,5,namecheap,,,18/09/2026 23:56
14bee8a1-28ef-4656-83c5-9d467b796abb,printers.my,premium,91.96,91.96,medium,low,8,namesilo,,,21/09/2026 00:30
3815975f-2495-4d3d-a357-f9111c4440ed,experiencing.my,available,2.28,25.88,high,low,12,spaceship,,,28/09/2026 13:20
0dfc7835-7e62-4e39-8a69-db6b9e3dc8ee,turndown.my,available,3.49,29.99,high,low,9,namesilo,,,
776581b3-7c0b-4af2-b387-950382f8be03,suicidal.my,available,2.98,38.98,medium,low,8,namecheap,,,10/09/2026 02:02
5575e259-5b71-4396-96f0-4ac577942ee4,lakshmi.my,available,2.28,25.88,medium,low,7,spaceship,,,30/09/2026 10:22
3cd1840c-96dc-49d4-a46c-a3eda2dfdd46,distorted.my,available,2.98,38.98,medium,low,9,namecheap,,,13/08/2026 23:39
edcacc01-289c-46f7-947f-0e9763feac2c,gelatinous.my,available,2.98,38.98,medium,low,10,namecheap,,,18/08/2026 21:01
d404ce4f-0e7b-4ff1-93f5-937fc79ec7aa,haywire.my,available,2.98,38.98,medium,low,7,namecheap,,,
b5fbf2c9-790a-4fb1-b0f5-474b4d7ba61a,planned.my,premium,91.96,91.96,high,low,7,namesilo,,,21/09/2026 22:06
caecabc0-d187-40e9-974e-c3a35f89d240,sandalled.my,available,2.98,38.98,high,medium,9,namecheap,,,09/09/2026 21:12
d75c0318-7ef1-443c-a5b3-51100baace14,psychological.my,resell,,,medium,low,13,,,,28/09/2026 04:31
9372baea-fc4d-45c8-aa5e-6b6c66cab22b,anorexic.my,available,2.98,38.98,medium,low,8,namecheap,,,
eb573c6d-f636-42f4-afa7-7fd09ebda22f,annals.my,available,3.49,29.99,high,low,6,namesilo,,,19/09/2026 10:05
82c7df80-8be7-4e50-a248-c653f08e1719,supervillains.my,available,2.98,38.98,low,low,13,namecheap,,,21/09/2026 05:46
ce987607-4cac-4d56-880e-aaf346f1bddb,planter.my,available,2.28,25.88,high,low,7,spaceship,,,30/09/2026 18:21
adedf972-1932-4369-bd50-4541319c3fdd,wildcat.my,available,2.98,38.98,high,low,7,namecheap,,,11/08/2026 07:09
bf9bf8a5-5a69-4ad5-baa8-879ece5ba903,wat.my,premium,700.62,700.62,medium,low,3,namesilo,,,02/10/2026 06:50
e5589e45-611b-4070-9a47-fc6f56ec5683,chard.my,available,2.98,38.98,medium,low,5,namecheap,,,23/09/2026 10:59
eeac230a-15ee-4410-8171-094ce0766ee2,proprietary.my,available,2.37,26.06,high,low,11,porkbun,,,01/10/2026 22:15
cc8f6d46-0c82-4836-bc49-887097a76349,inspectors.my,available,2.99,28.75,medium,low,10,dynadot,,,01/10/2026 17:30
5035aeea-c976-4d32-a284-5d4663dd40ba,aquino.my,available,2.99,28.75,medium,low,6,dynadot,,,28/09/2026 22:09
001eb5b2-eab9-49ae-bd89-dd4203f3325f,wing.my,premium,491.41,702.01,high,low,4,namecheap,,,22/09/2026 15:49
ae7856b5-621f-4414-875a-b57d2960f244,propulsive.my,available,2.98,38.98,high,low,10,namecheap,,,09/09/2026 03:32
59917c9d-e2f9-42cc-a4ad-a39715945386,chopped.my,available,2.98,38.98,high,low,7,namecheap,,,12/08/2026 06:57
92462829-979b-4dc7-b990-b1145571b2ba,accountability.my,available,3.49,29.99,high,low,14,namesilo,,,
41230230-8e90-49b7-a54e-97542143a04a,encrusted.my,available,2.98,38.98,medium,low,9,namecheap,,,13/08/2026 09:24
9253d4e8-574b-47b1-9567-126af458aea1,jibe.my,resell,,,medium,low,4,Exabytes Network Sdn Bhd,08/06/2026 03:07,08/06/2027 03:07,26/09/2026 07:00
5ecbf4b8-bcc0-42ad-a8ec-cbca74af6839,adjutant.my,available,2.98,38.98,medium,low,8,namecheap,,,17/09/2026 08:35
548a5509-c758-4574-a095-8a44aac9b664,grenadines.my,available,3.49,29.99,high,low,10,namesilo,,,02/10/2026 00:31
fc88db7d-4641-47bd-8175-4329c271a605,aroid.my,available,2.98,38.98,medium,low,5,namecheap,,,06/08/2026 11:30
e5f16f14-4441-472a-a79b-b1851a252791,squares.my,available,2.28,25.88,medium,low,7,spaceship,,,28/09/2026 23:48
8613364c-9e83-4bd0-b9d0-4e60305f356b,contrary.my,premium,91.96,91.96,high,low,8,namesilo,,,23/09/2026 22:29
610aba39-2a60-4ccc-a111-70aa742da2f8,consent.my,premium,69.28,98.96,high,low,7,namecheap,,,08/09/2026 13:17
bb62f849-121f-4bae-9f06-5ed6fa454969,spousal.my,available,2.98,38.98,high,low,7,namecheap,,,11/08/2026 03:56
fbc1e8a8-6d92-4bf6-82dc-f36ad14c3f28,cao.my,premium,98.28,140.4,high,low,3,namecheap,,,25/09/2026 14:36
5ca150ca-913e-472a-89f3-99d7ee8905b0,occupying.my,available,3.49,29.99,low,low,9,namesilo,,,30/09/2026 23:24
206b069f-bc7e-4922-b7ef-fad00308abb9,reigning.my,available,2.98,38.98,high,medium,8,namecheap,,,09/09/2026 12:57
60b0b757-a571-4575-8502-fca996e0d9d1,wisdom.my,premium,1455.98,1455.98,high,medium,6,namesilo,,,30/09/2026 10:34
9832ba8b-1de4-469a-ae2b-c59f8f9e6f74,sunbelt.my,available,3.49,29.99,high,low,7,namesilo,,,30/09/2026 12:19
8fcf51ef-1781-4335-9133-0ccd6fc6ee3c,milwaukee.my,available,2.28,25.88,high,low,9,spaceship,,,29/09/2026 01:40
1c91ec68-875e-4491-ba42-0056e504331a,passbook.my,available,2.98,38.98,high,low,8,namecheap,,,22/09/2026 02:44
dd657007-a68f-4fc3-80b0-680c240bb2a7,solomonic.my,available,2.98,38.98,medium,low,9,namecheap,,,10/09/2026 13:43
8eb3e9a6-ed02-4981-9c97-73883a5b4303,riverdale.my,available,3.49,29.99,high,low,9,namesilo,,,30/09/2026 05:42
8674350b-7229-4c48-bb82-450c762ef0ea,duty.my,premium,350.31,350.31,high,low,4,namesilo,,,29/09/2026 17:13
211d899c-6851-4ccd-a15c-1ec55acc581e,workfare.my,available,2.99,28.75,high,low,8,dynadot,,,02/10/2026 23:10
64d126b3-e06f-48d8-abb6-a6732492b3f9,highest.my,premium,91.96,91.96,medium,low,7,namesilo,,,25/09/2026 16:49
64b57fac-8312-435c-b001-286913f14488,dpp.my,premium,78.04,111.48,high,low,3,spaceship,,,01/10/2026 22:43
61bc2ea9-1e65-4f01-ab4b-b7d0765b2b84,roundabout.my,available,2.37,26.06,medium,low,11,porkbun,,,02/10/2026 17:46
08cae7c7-97c8-4f9f-bb9d-c8d000a740f9,annotator.my,available,2.98,38.98,high,low,9,namecheap,,,19/09/2026 10:48
c4a95e2e-a69e-44ad-8433-77a8545e52ec,molasses.my,available,2.28,25.88,high,low,8,spaceship,,,02/10/2026 16:08
8c064243-c671-4bb8-b895-21eba0090502,pleasantly.my,available,2.98,38.98,high,low,10,namecheap,,,13/09/2026 18:20
858b7803-87f6-4c33-b48d-4381887a0061,metier.my,available,2.98,38.98,high,low,6,namecheap,,,18/08/2026 12:29
ed6650d7-0266-4973-ad5b-df983d045c3f,untroubled.my,available,2.98,38.98,medium,low,10,namecheap,,,10/09/2026 01:30
ff73b8a5-16e9-4071-8fb8-2b8995904310,tahitian.my,available,2.98,38.98,high,low,8,namecheap,,,11/09/2026 07:06
3279a2e3-012c-4944-b4cf-355879b7d791,fears.my,premium,140.12,140.12,medium,low,5,namesilo,,,27/09/2026 08:58
13c685aa-0b30-4809-8261-632338f644b5,kurrat.my,available,3.49,29.99,medium,low,6,namesilo,,,18/09/2026 11:14
aa7b0e2a-608e-4fff-bd7b-cbf10d3fa433,grands.my,available,3.49,29.99,medium,low,6,namesilo,,,20/09/2026 04:57
95204f51-bad3-47d1-8aa6-6ad96e375367,coproduction.my,available,3.49,29.99,medium,low,13,namesilo,,,30/09/2026 14:49
24ef8427-290c-4360-bd2c-8536793395d7,stalking.my,available,2.28,25.88,medium,low,8,spaceship,,,28/09/2026 20:33
494a135d-85a1-4227-a050-70ca49202b71,fortified.my,available,2.98,38.98,high,low,9,namecheap,,,09/08/2026 00:17
9fbb3dc3-2c6e-4ffe-9988-c16f0e066f65,tasmanian.my,available,2.98,38.98,high,low,9,namecheap,,,11/09/2026 08:50
fd1188c4-5ad9-441b-89b4-5d72f70adcf6,ultimatum.my,available,3.49,29.99,high,low,9,namesilo,,,30/09/2026 11:14
d8553f4d-d560-4662-8fe3-abd45a01bab2,argument.my,premium,91.96,91.96,high,low,8,namesilo,,,20/09/2026 04:49
eb136c71-7dfb-4158-bb1b-688471095d9d,unsweet.my,available,2.98,38.98,medium,low,7,namecheap,,,10/09/2026 01:07
847cc9a0-3677-4bac-803f-5858faa75c81,improvable.my,available,2.98,38.98,medium,low,10,namecheap,,,21/08/2026 23:14
3dd00f43-94c1-4cbf-8570-abe00dc3e2d5,quivering.my,available,2.98,38.98,medium,low,9,namecheap,,,11/09/2026 19:15
5c8081d9-8646-4ff8-aead-a35c124da41c,asdic.my,available,3.49,29.99,medium,low,5,namesilo,,,20/09/2026 13:30
713926d5-ecf0-4eb4-953f-58e655867c50,gregory.my,premium,91.96,91.96,high,low,7,namesilo,,,19/09/2026 06:00
ef70dc92-786b-4d20-bfdb-dbc71073cc74,fourteen.my,available,3.49,29.99,high,low,8,namesilo,,,21/09/2026 11:38
5651184d-8028-4334-904f-8297f871d689,deferred.my,premium,91.96,91.96,high,low,8,namesilo,,,03/10/2026 02:43
bf38c9ae-2b82-457e-89f1-20adb568b65f,wad.my,premium,476.18,680.26,high,low,3,name.com,,,25/08/2026 00:49
5efe848d-6865-4a27-ae79-eb9d4157ec6b,discoveries.my,available,2.28,25.88,medium,low,11,spaceship,,,30/09/2026 06:23
323d3e01-9b40-497a-89f0-e3afc750f023,prideful.my,available,2.98,38.98,medium,low,8,namecheap,,,17/08/2026 19:48
912f8a54-f735-4871-895a-e42e959a6a65,lazy.my,premium,948.09,1354.41,high,low,4,name.com,,,17/08/2026 20:54
7568e5a9-3037-4976-9e06-fc84acf4b27b,sloane.my,available,2.28,25.88,high,low,6,spaceship,,,28/09/2026 16:12
79311dae-5679-4e43-a174-1074aaadbc75,danes.my,available,2.28,25.88,high,low,5,spaceship,,,30/09/2026 14:16
f27269de-e657-4b69-8d79-74300a8418a1,academically.my,available,3.49,29.99,medium,low,12,namesilo,,,03/10/2026 02:36
d67e0c22-18e3-48a9-a03e-34d4eedef4f4,rotter.my,available,2.98,38.98,medium,low,6,namecheap,,,11/08/2026 09:08
671eda89-7630-4370-9947-803c4caab289,boogie.my,available,2.28,25.88,high,low,6,spaceship,,,29/09/2026 18:03
144d6da6-e7d9-404b-b629-d069173ea423,mahoning.my,available,2.28,25.88,medium,low,8,spaceship,,,02/10/2026 01:03
73acd0ec-8464-407f-bd25-4cc09f50c3f7,montpellier.my,available,3.49,29.99,medium,low,11,namesilo,,,28/09/2026 21:53
86353bbc-f874-42f7-a2c4-56e66d5923ce,swings.my,available,3.49,29.99,medium,low,6,namesilo,,,29/09/2026 05:46
c9ee6658-a6f1-4eb5-89bd-190281815e67,picturesque.my,available,3.49,29.99,high,low,11,namesilo,,,01/10/2026 04:56
d450afb9-7736-44ec-9a51-cf0fbd75ec31,alimony.my,available,2.28,25.88,medium,low,7,spaceship,,,28/09/2026 20:27
3246151a-a1c3-4639-8b6d-2eee1c5d6824,lorena.my,available,2.99,28.75,medium,low,6,dynadot,,,02/10/2026 19:42
310d55c8-ccb1-45cd-969c-f1c31668c82e,provides.my,premium,91.96,91.96,medium,low,8,namesilo,,,16/09/2026 11:52
c00f6cc3-a187-4bb5-9de7-9d09dcc4a74c,dix.my,premium,78.1,111.57,medium,low,3,spaceship,,,29/09/2026 12:04
e7fcdd50-d6c3-425a-8e56-d8ddeaf1b361,toilet.my,premium,68.8,98.28,high,low,6,namecheap,,,27/09/2026 04:48
cca14d6f-7b2a-4484-b8f9-243be27021e4,dixie.my,available,3.49,29.99,medium,low,5,namesilo,,,28/09/2026 09:26
1d2b31c6-5e22-459a-aa3c-a378204fbb60,wherein.my,available,2.99,28.75,medium,low,7,dynadot,,,02/10/2026 17:36
d0eb9301-d09f-415c-9142-0ca34efbae88,airman.my,available,3.49,29.99,high,low,6,namesilo,,,17/09/2026 13:10
f870ff5b-250e-4a0d-bf9b-cc1eebc13dc0,mahan.my,available,3.49,29.99,medium,low,5,namesilo,,,18/09/2026 06:45
1ebf67ab-283a-410f-b387-ca74a4899cf5,carven.my,available,2.98,38.98,medium,low,6,namecheap,,,11/08/2026 19:59
b77fd3d0-d2a1-41d0-b197-4d23a7262eff,renovations.my,available,2.37,26.06,medium,low,11,porkbun,,,02/10/2026 13:58
13fb4d76-d2d2-4d65-9483-0ba450291f6d,unduly.my,available,3.49,29.99,medium,low,6,namesilo,,,16/09/2026 10:01
d50e741d-d51a-4171-ab84-3df6da9d95e4,sauer.my,available,3.49,29.99,medium,low,5,namesilo,,,29/09/2026 22:40
81d9e02c-5a5c-4629-8432-5284708bf9df,dodgy.my,available,2.98,38.98,medium,low,5,namecheap,,,12/08/2026 01:46
d5b8ef58-d879-4c8b-a94b-4623e4c234f4,abu.my,premium,382.39,546.14,high,low,3,porkbun,,,29/09/2026 03:39
2c1a2665-8a7d-47ec-a3bd-3818aacfb3dd,saponified.my,available,2.98,38.98,high,medium,10,namecheap,,,09/09/2026 21:21
22c0a562-8f66-4f5b-b4c1-f5d1138ee6b1,villains.my,available,2.37,26.06,medium,low,8,porkbun,,,30/09/2026 07:35
a496e8ff-1dca-4b83-a911-44673bb1d684,sumerian.my,available,2.98,38.98,high,low,8,namecheap,,,11/09/2026 01:33
98a40953-1a2c-435d-b712-db70294bfe51,ethics.my,premium,91.96,91.96,high,low,6,namesilo,,,28/09/2026 05:38
9b2a8d9d-de15-4345-8bfe-698d3077cc64,purgatory.my,available,2.98,38.98,medium,low,9,namecheap,,,01/10/2026 21:24
3852c6e4-923e-467b-a858-97305eb13c9f,unsecured.my,available,2.98,38.98,medium,low,9,namecheap,,,12/09/2026 01:41
b37a1755-c520-4405-b00b-42aa46ed8a6e,contamination.my,available,3.49,29.99,medium,low,13,namesilo,,,29/09/2026 22:52
719f2f24-3d83-48af-9b6a-3248cecc3f35,enigmatic.my,available,2.98,38.98,high,low,9,namecheap,,,17/08/2026 09:13
a3db3c23-4c6d-457b-ad76-17f5e9f2c6e3,tobey.my,available,2.98,38.98,medium,low,5,namecheap,,,02/10/2026 16:03
77a56003-31a5-4faa-b559-d8893e4cbd9d,cleanup.my,premium,53.8,76.73,medium,low,7,porkbun,,,02/10/2026 21:28
b1e2739c-602c-4861-9125-61f4f5b45165,tarnish.my,available,2.98,38.98,medium,low,7,namecheap,,,24/08/2026 12:50
82acea7c-fcc6-47c7-94d2-edeeeec93e96,theban.my,available,2.98,38.98,medium,low,6,namecheap,,,11/09/2026 12:35
a42b46b8-57c6-48da-999e-5fd045234a12,napoleonic.my,available,2.98,38.98,medium,low,10,namecheap,,,03/09/2026 13:00
b36d25e9-85e8-4d0a-9da4-677d6d9c3caf,opportunities.my,available,2.28,25.88,medium,low,13,spaceship,,,28/09/2026 08:42
d285511b-68cb-4ef6-a921-63de9a2938a0,mersey.my,available,3.49,29.99,high,low,6,namesilo,,,30/09/2026 13:10
a049ea74-4092-4d64-94ef-c9c3fea17ca7,injure.my,available,2.98,38.98,medium,low,6,namecheap,,,28/09/2026 11:07
db7cad5b-2f2d-49bf-bcde-2bdc6603749e,organ.my,premium,390.35,557.64,high,low,5,spaceship,,,29/09/2026 17:54
433abcaf-23ce-4d64-b48d-7b8eb74a89ee,snowstorm.my,available,2.37,26.06,high,low,9,porkbun,,,02/10/2026 23:35
7eab8924-ebbe-4549-9bc9-2d3ac7b27fe1,confusion.my,available,2.28,25.88,high,low,9,spaceship,,,29/09/2026 10:55
33312683-5407-4065-9509-3e36ecd08e17,palish.my,available,2.98,38.98,medium,low,6,namecheap,,,04/09/2026 23:41
7ed4472a-f88b-4bac-bf35-547c01cfefc1,curling.my,available,2.98,38.98,high,low,7,namecheap,,,13/08/2026 11:21
00ddaecb-338c-41a5-9372-f8f12db04f95,specular.my,available,2.98,38.98,medium,low,8,namecheap,,,25/08/2026 01:15
e69a2d31-c091-4fb2-a9a5-c9648b5d0a2e,receptor.my,premium,54.67,78.1,high,low,8,spaceship,,,30/09/2026 18:26
55bcb29d-6736-4eed-a585-76f72859796e,navarre.my,available,3.49,29.99,high,low,7,namesilo,,,27/09/2026 19:38
1075f03e-74db-4043-b709-1762bebcdc0c,claptrap.my,available,3.49,29.99,medium,low,8,namesilo,,,24/09/2026 03:39
98da4348-102a-4302-9ffe-2904ce00ed9d,touching.my,available,2.98,38.98,high,low,8,namecheap,,,
8914f074-411c-44f9-bdcd-0455bacb15d1,constituency.my,available,2.28,25.88,high,low,12,spaceship,,,03/10/2026 02:47
f02217cf-cfa8-4802-95af-3cce92972dbd,cleave.my,available,3.49,29.99,medium,low,6,namesilo,,,24/09/2026 15:43
c70d71cd-1629-443d-a224-042a4a61ef7c,rosemont.my,available,2.37,26.06,high,low,8,porkbun,,,02/10/2026 20:54
7239039c-ac4d-4aae-a7ce-de87b6952ac0,balalaika.my,available,2.98,38.98,medium,low,9,namecheap,,,21/09/2026 20:48
1307a492-0eb7-4f06-89d5-c42e00ee32aa,rung.my,resell,,,medium,low,4,,,,01/10/2026 21:34
060656ea-9ab8-4c01-82f9-f4d4e53a1816,braided.my,available,2.98,38.98,medium,low,7,namecheap,,,11/08/2026 01:28
de9df632-8231-49ef-b390-432990f2bcf1,ballista.my,available,2.98,38.98,medium,low,8,namecheap,,,20/09/2026 00:35
d8f2a523-a58d-4518-832c-f97481e247f7,advancer.my,available,3.49,29.99,medium,low,8,namesilo,,,17/09/2026 10:28
06c5139b-03e1-4aa1-855d-455510d3acc5,saco.my,available,2.28,25.88,medium,low,4,spaceship,,,02/10/2026 18:28
62698ea4-f084-4c1a-a6cb-010e319fc66a,three.my,premium,140.12,140.12,high,low,5,namesilo,,,21/09/2026 13:02
ab48f024-40bc-463f-b033-7a65db5ef295,practitioner.my,available,2.98,38.98,high,low,12,namecheap,,,29/09/2026 14:23
47a975b7-fb58-4cee-9c18-5f7bb3c917ed,gutless.my,available,2.98,38.98,medium,low,7,namecheap,,,20/08/2026 21:12
720d322e-6344-4bc0-9b66-f666cf0df024,discal.my,available,2.28,25.88,medium,low,6,spaceship,,,30/09/2026 04:23
fe6bdf65-06cb-49c7-9551-b206e665536b,multiple.my,premium,91.96,91.96,high,low,8,namesilo,,,25/09/2026 22:06
b2274d53-363f-475d-a00e-b2abb66b54a1,fizzle.my,available,2.98,38.98,medium,low,6,namecheap,,,11/08/2026 11:19
0a15303a-464b-4f49-b6d4-b1970429c8df,banff.my,available,3.49,29.99,high,low,5,namesilo,,,22/09/2026 01:44
7fd7141a-b814-423c-8b99-37d868e31ca4,blister.my,available,3.49,29.99,medium,low,7,namesilo,,,02/10/2026 01:57
dc416e70-5e36-40d6-ab20-b85e014a78e1,pasternak.my,available,2.28,25.88,medium,low,9,spaceship,,,02/10/2026 23:39
839f38b3-2983-45c0-8d45-52d7637da8f3,allotrope.my,available,3.49,29.99,medium,low,9,namesilo,,,18/09/2026 12:06
5844cd5f-c6a6-47ad-9a31-a3a396726199,bookmark.my,premium,91.96,91.96,high,low,8,namesilo,,,24/09/2026 07:12
e87e3dd0-6f1d-46d7-baf8-8eac0abb95ea,marjorie.my,available,2.28,25.88,medium,low,8,spaceship,,,29/09/2026 04:00
27cb598a-9e48-45b0-b463-aae37a7c18cf,jumentous.my,available,2.98,38.98,low,low,9,namecheap,,,22/08/2026 14:21
8369910b-c483-4b0b-a7ad-ff117c1720ac,brimming.my,available,2.98,38.98,medium,low,8,namecheap,,,11/08/2026 04:12
5ebba05a-8f57-40a6-babc-8a7aa7c9b743,aneurysm.my,available,3.49,29.99,medium,low,8,namesilo,,,19/09/2026 05:41
9aab2458-37ab-405a-9440-3a13416f40d1,bifocals.my,available,3.49,29.99,medium,low,8,namesilo,,,23/09/2026 13:53
97e808b3-61db-48a2-9dca-650b4b5fc56f,follicular.my,available,2.98,38.98,medium,low,10,namecheap,,,18/08/2026 10:20
f55444dd-7e0d-4069-ac79-fa4a9bb32d50,favre.my,available,2.28,25.88,medium,low,5,spaceship,,,02/10/2026 08:47
035ccab2-e491-431b-8d65-bc12959a3f90,gareth.my,available,2.28,25.88,high,low,6,spaceship,,,29/09/2026 21:28
fd599dca-d495-4cd2-a051-190756aa9b25,bruise.my,available,2.98,38.98,medium,low,6,namecheap,,,29/09/2026 04:45
31b747a4-3a1c-4e68-86ad-f92c2c774f64,futile.my,available,3.49,29.99,medium,low,6,namesilo,,,22/09/2026 23:49
4a1e6e31-5f5d-415e-a705-59e3dc8d2d72,writes.my,premium,91.96,91.96,medium,low,6,namesilo,,,17/09/2026 14:27
1a6a9d3b-c7e3-4f0a-a7a0-bd88e17ac7e9,lynda.my,available,2.28,25.88,medium,low,5,spaceship,,,30/09/2026 21:11
ca08ef03-ee21-416b-9fec-8310a56c5eb5,emotive.my,available,2.98,38.98,high,low,7,namecheap,,,
53336c6b-8504-4d23-b987-79b614e5f350,initiated.my,available,3.49,29.99,medium,low,9,namesilo,,,29/09/2026 11:07
419bef0c-06e2-4eeb-bfd5-1d8e6089136c,actively.my,premium,53.8,76.73,medium,low,8,porkbun,,,28/09/2026 11:44
fe60e939-b56c-4066-be7f-e0aad23a821a,blaming.my,available,2.99,28.75,medium,low,7,dynadot,,,28/09/2026 18:00
f96b5362-df1c-4c62-ac06-efdb43ec8d15,executions.my,available,2.99,28.75,medium,low,10,dynadot,,,30/09/2026 07:47
fbc25156-96fb-49df-848c-4ec7afc02e1e,affection.my,available,2.98,38.98,high,low,9,namecheap,,,17/09/2026 14:16
cd51222b-7de7-4fcc-9b4c-80a802b9fbea,chauncey.my,available,2.98,38.98,medium,low,8,namecheap,,,29/09/2026 15:30
88fb79d7-4bbc-43b5-8d8e-dc3326179923,surgeons.my,premium,68.64,98.07,medium,low,8,namecheap,,,28/09/2026 17:27
65d6c459-7278-4da7-8470-6cd4106cdf03,ccd.my,premium,700.62,700.62,high,low,3,namesilo,,,29/09/2026 04:56
30367d62-b4c9-421f-a368-16d183b93ec7,sublimely.my,available,3.49,29.99,medium,low,9,namesilo,,,16/09/2026 07:34
21e569c3-cfcf-4bfc-994d-5bac655e848d,environments.my,available,3.49,29.99,medium,low,12,namesilo,,,01/10/2026 16:16
7f8dd47a-c500-4bdf-b9ed-d966cf884ca3,teary.my,available,2.98,38.98,medium,low,5,namecheap,,,11/09/2026 09:50
8206916a-da91-43ad-b27c-bc45d6cd43a4,snowboarding.my,available,2.99,28.75,high,low,12,dynadot,,,02/10/2026 01:30
d3ad7610-bc1d-4971-9fee-acc955755fb2,snickers.my,available,3.49,29.99,high,low,8,namesilo,,,18/09/2026 04:34
c68d82fd-bcd5-403d-b0b3-a56abf1eeb20,retention.my,premium,781.01,1115.73,high,low,9,spaceship,,,01/10/2026 02:38
48a598ab-380a-4893-a55c-e43906305bf5,aligned.my,available,2.98,38.98,high,low,7,namecheap,,,
7c9e44ea-3f25-44ac-9d97-2b275cf328a5,helene.my,available,2.28,25.88,medium,low,6,spaceship,,,28/09/2026 12:07
eef8c1e3-9ea8-4120-8b3a-5b51c0c5d7d0,seraphical.my,available,2.98,38.98,medium,low,10,namecheap,,,10/09/2026 04:31
5f593719-7a9d-428a-9c80-d88f4d79ccb4,berkeley.my,premium,91.96,91.96,high,low,8,namesilo,,,23/09/2026 09:32
c589daa4-462e-416c-83a5-870a055b9912,counteract.my,available,2.28,25.88,high,low,10,spaceship,,,03/10/2026 00:13
cd7b5c4b-3aa0-4be3-944c-c00e2bb4c9fa,burning.my,premium,68.8,98.28,high,low,7,namecheap,,,23/09/2026 11:45
4d5759a2-54b1-4c95-9d4e-0103b69d45b7,sal.my,premium,390.35,557.64,high,low,3,spaceship,,,28/09/2026 03:21
c67ad20e-3e31-4a40-8a15-6e4614b5f26b,omb.my,premium,390.51,557.87,medium,low,3,spaceship,,,29/09/2026 19:51
88adb40d-7e4a-451f-bcdc-ffb2e11a7ee0,fluorescence.my,available,3.49,29.99,medium,low,12,namesilo,,,27/09/2026 23:02
09517dc5-543e-494b-bc61-c2f5dd530e83,banjo.my,available,3.49,29.99,high,low,5,namesilo,,,22/09/2026 02:11
30439f0f-1004-432f-b3f3-57bf7e542bd6,hsc.my,premium,78.04,111.48,medium,low,3,spaceship,,,02/10/2026 19:05
977c1030-b367-481a-a5c9-987bf3e5dc3f,biochip.my,available,2.98,38.98,high,low,7,namecheap,,,23/09/2026 17:46
fdcecf9f-0b3b-4369-9f5a-b9b8bf0ff8f7,fireman.my,available,2.98,38.98,high,low,7,namecheap,,,29/09/2026 06:56
13aa8edf-4c5b-4c81-8809-c432554b716f,leathery.my,available,2.98,38.98,medium,low,8,namecheap,,,13/08/2026 01:13
c2611a67-0b5e-4222-9b73-a8081de50d88,adversity.my,available,3.49,29.99,high,low,9,namesilo,,,17/09/2026 10:54
1d69b00d-dc1a-498b-ada4-c08c5b13a441,drogue.my,available,3.49,29.99,medium,low,6,namesilo,,,17/09/2026 21:47
7c0f7559-3436-4e1a-93a7-1f11aedfd005,gallipoli.my,available,2.28,25.88,medium,low,9,spaceship,,,29/09/2026 22:32
a87abfb2-da21-418d-9e71-3f00a81df4c5,hee.my,premium,78.07,111.53,high,low,3,spaceship,,,29/09/2026 21:26
44a18673-5055-498a-a26a-c0c66f6385f6,ivor.my,available,2.37,26.06,medium,low,4,porkbun,,,29/09/2026 22:08
54a4ef27-780b-4594-881a-d4b953fe6032,bazooka.my,available,2.98,38.98,high,low,7,namecheap,,,22/09/2026 18:25
86543bfc-5ebf-49db-be7c-42c599fb6bf3,hits.my,premium,245.31,350.44,high,low,4,namecheap,,,19/09/2026 23:53
f76def6c-9905-419e-8555-23453ba9b395,debatable.my,available,19.99,49.99,medium,low,9,name.com,,,13/08/2026 20:12
25a4449f-6062-420c-b22e-988bf6eb3ad5,ministrant.my,available,2.98,38.98,medium,low,10,namecheap,,,24/08/2026 23:57
bb5f7271-d768-42f9-a539-6d5e1c85bb26,distrust.my,available,3.49,29.99,high,low,8,namesilo,,,24/09/2026 23:13
e8e0b5a2-b4a6-44aa-b243-cb8bca7a0c4b,alleviate.my,available,3.49,29.99,high,low,9,namesilo,,,01/10/2026 22:08
45ef9133-9881-4df0-b079-e3e9a5f5526d,harwich.my,available,2.28,25.88,medium,low,7,spaceship,,,30/09/2026 21:05
b7ad7597-cb08-433e-984a-4cbe5b4fe8ce,bovine.my,available,2.98,38.98,high,medium,6,namecheap,,,10/08/2026 22:51
c1bd9e26-606f-4ef2-a273-44178873a5f9,cuyahoga.my,available,3.49,29.99,medium,low,8,namesilo,,,29/09/2026 10:08
a79b06c1-ccab-41e7-a3cd-9db4a8e2af2a,stating.my,premium,68.61,98.03,high,low,7,namecheap,,,01/10/2026 19:25
b167a4ed-5627-4d92-b67b-0a2908265f69,passionately.my,available,2.98,38.98,high,low,12,namecheap,,,01/10/2026 18:20
75384737-4af9-40d7-a12c-3350f477fa4b,advanced.my,premium,68.61,98.03,high,low,8,namecheap,,,01/10/2026 18:49
7a7d6d91-3bb7-4cac-97bf-cdc49175c437,sigmoidal.my,available,2.98,38.98,high,medium,9,namecheap,,,10/09/2026 07:59
5c0dd9fb-c0c7-4ed7-9c28-e80a4559ad79,stoppage.my,available,2.98,38.98,medium,low,8,namecheap,,,20/08/2026 22:57
114af504-de9e-497e-a832-ae6750035d87,unsilenced.my,available,2.98,38.98,medium,low,10,namecheap,,,12/09/2026 19:56
ac48649a-85db-4b87-a699-89d902137ebd,qualities.my,available,3.49,29.99,medium,low,9,namesilo,,,28/09/2026 08:30
3d2a050b-5fe6-458d-9c80-5a8ea161f64d,beira.my,available,3.49,29.99,medium,low,5,namesilo,,,23/09/2026 04:20
641823f1-a01f-4059-bd65-60cfecb3d885,pneumonia.my,available,3.49,29.99,medium,low,9,namesilo,,,28/09/2026 06:36
4f65db02-43f3-4edb-b4ed-78272204118c,ravine.my,available,2.28,25.88,high,low,6,spaceship,,,30/09/2026 18:25
999e709b-6ad5-445e-8efa-64105411c6a6,segment.my,premium,54.67,78.1,high,low,7,spaceship,,,28/09/2026 20:24
6d9ab09a-1106-4a3d-8179-8020ff893a25,religious.my,resell,,,high,low,9,Exabytes Network Sdn Bhd,08/06/2026 00:36,08/06/2027 00:36,26/09/2026 08:35
b78ac77a-2d2e-4684-824c-80655771d25d,eery.my,available,2.98,38.98,medium,low,4,namecheap,,,15/08/2026 12:45
f7525bf6-76fc-4cea-ab11-82f623926a3e,ramose.my,available,2.98,38.98,medium,low,6,namecheap,,,11/08/2026 02:14
8f82d635-e053-46c5-8025-fc0bf3c7d18b,channels.my,premium,68.64,98.07,high,low,8,namecheap,,,29/09/2026 08:04
701aa465-1bf2-470b-8553-90d22fc29cf4,sandy.my,premium,470.69,672.4,high,low,5,name.com,,,06/08/2026 17:31
d1f6e3fb-9f88-42e1-9f8d-1a8364ad18aa,caesar.my,available,3.49,29.99,high,low,6,namesilo,,,27/09/2026 03:27
fbecd398-771d-4a13-80fc-2d211d514827,bfa.my,premium,110,110,high,low,3,dynadot,,,01/10/2026 06:12
9c3f1377-8e5b-4230-bcd2-356956a93efe,fairness.my,available,3.49,29.99,high,low,8,namesilo,,,22/09/2026 22:20
61627e56-d74a-4686-8502-0d2a600b8f2a,kidnapper.my,available,3.49,29.99,medium,low,9,namesilo,,,16/09/2026 14:52
7749e777-c0b8-45fa-b0ce-6c043737770a,rendered.my,premium,54.65,78.07,medium,low,8,spaceship,,,29/09/2026 05:08
ed6316f9-2d0c-4e35-a659-de9ed18de427,hoff.my,available,3.49,29.99,medium,low,4,namesilo,,,29/09/2026 21:37
ed99c998-ec04-495b-8fc8-696828d5e2da,puts.my,premium,350.31,350.31,medium,low,4,namesilo,,,18/09/2026 14:17
35ebd28d-762d-48bc-8661-9ce3041da65d,woolley.my,available,2.37,26.06,medium,low,7,porkbun,,,29/09/2026 20:22
ed54eade-5e01-41d0-8843-5ebb72a777ee,vented.my,available,2.98,38.98,medium,low,6,namecheap,,,13/09/2026 02:12
f1913165-a624-4fc4-bdd9-8510372d28b5,medallion.my,available,2.28,25.88,high,low,9,spaceship,,,30/09/2026 10:23
20615084-6fae-4719-a2c3-722f7f2b22e3,ccp.my,premium,140.12,140.12,medium,low,3,namesilo,,,26/09/2026 03:21
5c65b4f5-f7dc-4b8d-9d38-6687acf37836,pitchy.my,available,2.98,38.98,medium,low,6,namecheap,,,12/08/2026 13:45
e928b445-6a21-4f3c-850f-4c4f75d7c58e,drear.my,available,2.98,38.98,medium,low,5,namecheap,,,14/08/2026 11:45
77c84724-b501-478c-919b-64459a476943,repel.my,available,2.28,25.88,high,low,5,spaceship,,,29/09/2026 15:49
8a593e97-0973-48d4-bb23-1f55082f1331,ciliary.my,available,2.98,38.98,medium,low,7,namecheap,,,12/08/2026 08:04
003e94cb-77ce-48e0-99fd-361ed66c820c,desecrated.my,available,2.98,38.98,medium,low,10,namecheap,,,14/08/2026 03:18
63b50806-ffe3-4c7d-90fc-5a9c2309c43f,distinguished.my,available,2.28,25.88,high,low,13,spaceship,,,01/10/2026 19:21
2819dbb7-f119-469c-bf2a-4e0044305f3a,ormazd.my,available,2.98,38.98,medium,low,6,namecheap,,,17/09/2026 20:41
3f788459-e490-49e2-9ac7-26cb0075537a,msdos.my,available,2.28,25.88,medium,low,6,spaceship,,,02/10/2026 16:07
fafac799-d59d-4f7d-9d3f-3d29c3513707,middlesex.my,available,3.49,29.99,medium,low,9,namesilo,,,25/09/2026 13:32
148d15d7-5f05-456a-bcae-6b967f33acc4,bristow.my,available,2.98,38.98,high,low,7,namecheap,,,30/09/2026 05:31
40e475c6-de4c-47a7-aeb4-135f04a1d162,blazon.my,available,3.49,29.99,high,low,6,namesilo,,,24/09/2026 05:05
0001aa51-140d-476b-b275-c13356b7ebe6,scarred.my,available,3.49,29.99,medium,low,7,namesilo,,,25/09/2026 17:02
257791b1-068b-42ea-991b-9b7371e5102e,chlorine.my,available,2.98,38.98,high,low,8,namecheap,,,12/08/2026 09:10
700bb4c4-856f-480d-a81b-bdacb2c6bdc3,uninsured.my,available,2.98,38.98,medium,low,9,namecheap,,,12/09/2026 13:28
4b9b4689-541e-4b7e-a06c-c17dad08bab7,bangle.my,available,2.98,38.98,high,low,6,namecheap,,,22/09/2026 01:57
e112b39a-db78-4c06-9404-3922a719e36a,unison.my,premium,550,550,high,low,6,dynadot,,,02/10/2026 06:36
9edd7597-31fb-41bc-9978-eb62d2c7780b,criteria.my,premium,479.38,684.83,high,low,8,name.com,,,
e97fec68-458d-477e-aca5-93cdbc28cb24,pitiless.my,available,2.98,38.98,high,medium,8,namecheap,,,08/09/2026 20:05
3f930227-935e-461c-b962-780b70f48c4e,notifies.my,available,3.49,29.99,medium,low,8,namesilo,,,18/09/2026 08:35
a3465774-98f3-4aa8-8363-de7e235f96d3,gonzalez.my,available,2.98,38.98,high,low,8,namecheap,,,25/09/2026 16:13
0542db27-5bb3-400b-871e-de1b72e11ab8,concerned.my,available,2.98,38.98,high,low,9,namecheap,,,23/09/2026 18:58
ba748865-a523-4608-9b7a-ec35255e1daa,highgate.my,available,2.98,38.98,high,low,8,namecheap,,,01/10/2026 07:03
15ca9905-b4e6-410e-bd98-ede94973d89e,noses.my,available,2.98,38.98,medium,low,5,namecheap,,,20/09/2026 03:44
0b64551f-b65c-438f-b933-c98bbb73abab,outlander.my,available,2.98,38.98,medium,low,9,namecheap,,,
250e399a-0574-4403-99d6-3c5787f06581,runny.my,available,2.98,38.98,medium,low,5,namecheap,,,09/09/2026 19:37
e10cd376-c9e8-47b9-86b2-6e5b9804996c,raptor.my,available,2.98,38.98,high,low,6,namecheap,,,23/09/2026 20:17
85705787-0677-4a89-97d9-71d257484352,blanche.my,available,2.98,38.98,medium,low,7,namecheap,,,26/09/2026 03:36
ced2ba51-5db9-4cc6-9ce1-6d05a9c846f9,predicted.my,available,2.37,26.06,medium,low,9,porkbun,,,28/09/2026 23:02
a7b3c8bc-cc13-4ff5-ad5c-c3c1fe238985,virgins.my,available,3.49,29.99,medium,low,7,namesilo,,,01/10/2026 10:00
35a1e6a9-060d-4e2c-b4ae-fe49ca051ecc,commissions.my,available,3.49,29.99,medium,low,11,namesilo,,,01/10/2026 00:07
76590fd1-c356-4892-9de7-786cb6665c1e,eolian.my,available,2.98,38.98,medium,low,6,namecheap,,,
04fe5f57-a9ab-4bdf-bdf5-124453e86ea1,correlation.my,available,3.49,29.99,high,low,11,namesilo,,,30/09/2026 22:57
45a5a490-11a5-4377-86bd-40a574d89c68,wickham.my,available,2.99,28.75,medium,low,7,dynadot,,,29/09/2026 05:45
1201195d-d4f4-4197-87db-13107ef51cdd,reaction.my,premium,65.96,94.24,high,low,8,name.com,,,24/09/2026 14:16
bf4f0cd9-5c3a-41f1-ab25-5ca03ff5a0c2,flavourful.my,available,2.98,38.98,medium,low,10,namecheap,,,18/08/2026 07:06
9078e8a0-eb32-4181-bc8c-562e2b51a88a,unreactive.my,available,2.98,38.98,medium,low,10,namecheap,,,12/09/2026 17:50
ca7d0101-606f-4957-9472-ad1ce6907eeb,forsake.my,available,2.98,38.98,medium,low,7,namecheap,,,14/08/2026 03:54
35f37097-26a6-4e60-8db8-8a1981cb633b,stubby.my,available,2.98,38.98,medium,low,6,namecheap,,,10/09/2026 22:56
3fbf2f84-7a3f-48ef-80b4-a5c190b5e218,helps.my,premium,98.28,140.4,high,low,5,namecheap,,,25/09/2026 21:19
a28c1db5-af6b-4672-b157-18f8c8ebf8ed,wraps.my,available,3.49,29.99,medium,low,5,namesilo,,,20/09/2026 11:16
237ad3ea-06a1-4e91-bcb1-4d04e15f4bad,zany.my,available,2.98,38.98,high,low,4,namecheap,,,11/08/2026 08:04
87f62c3f-bedf-4070-bff6-03f0b7ac135e,pettifog.my,available,3.49,29.99,low,low,8,namesilo,,,23/09/2026 13:20
76afa496-e6cf-452a-8a9a-4667a0ce5ad5,studious.my,available,2.98,38.98,high,low,8,namecheap,,,10/08/2026 19:10
f93d4b8f-46b4-4aea-95cd-74403d3c1f7b,sinister.my,available,2.98,38.98,medium,low,8,namecheap,,,24/08/2026 20:02
569326ee-9d5b-46bd-b9fe-815f250a6269,manganese.my,available,3.49,29.99,medium,low,9,namesilo,,,20/09/2026 22:40
d408f9d0-2951-4f7c-a2ee-1258110d3666,quint.my,available,2.98,38.98,medium,low,5,namecheap,,,
e0d2d2dc-73fa-44e0-ad25-5a6d417c8b0a,zeal.my,resell,,,high,low,4,"Spaceship, Inc.",03/06/2025 23:06,03/06/2027 23:06,26/09/2026 10:16
6d1820d7-d8ae-4a59-8e0a-4c9424244e16,smuts.my,available,2.99,28.75,medium,low,5,dynadot,,,02/10/2026 05:27
f5489670-203a-48ee-a65e-8a34b4cb02dc,herring.my,available,2.28,25.88,high,low,7,spaceship,,,30/09/2026 01:03
798db281-56f6-415f-a7fe-9bb357f007da,kitschy.my,available,2.98,38.98,medium,low,7,namecheap,,,09/08/2026 00:53
fe009be3-ce12-4f33-a9d4-2122d0c46f03,ironed.my,available,2.98,38.98,medium,low,6,namecheap,,,22/08/2026 10:04
4667a942-5180-4ae0-bf8f-2578e57fdcdd,sewers.my,available,3.49,29.99,low,low,6,namesilo,,,01/10/2026 16:30
abc04808-b342-46ee-96b5-55093b487afe,lynette.my,available,2.98,38.98,medium,low,7,namecheap,,,03/10/2026 05:07
39dcbe9a-9608-491c-9371-c74ca3653d63,abortions.my,available,2.37,26.06,low,low,9,porkbun,,,02/10/2026 03:54
adaf9ed9-9c8f-442f-9251-172ddc1bd997,criticize.my,premium,275,275,high,low,9,dynadot,,,30/09/2026 18:07
63bcff7b-1007-4ad8-936a-4d7f6242f632,relapsing.my,available,2.98,38.98,medium,low,9,namecheap,,,09/09/2026 16:17
b10af081-8504-4ee4-a390-93ec8bb40f3b,moderating.my,available,2.98,38.98,medium,low,10,namecheap,,,25/08/2026 02:56
de5b8872-b2b1-4c15-9400-b46095b43727,lng.my,premium,140.12,140.12,high,low,3,namesilo,,,28/09/2026 13:00
05cca2f9-841d-45ee-8131-b9f021def8a9,reverence.my,available,2.37,26.06,high,low,9,porkbun,,,30/09/2026 18:29
d0c5860f-f3d6-424b-ae66-53beda30c89f,peterson.my,premium,91.96,91.96,high,low,8,namesilo,,,25/09/2026 17:40
f9bdab17-def9-4f78-ad49-f43cbf437b94,statisticians.my,available,2.37,26.06,low,low,13,porkbun,,,01/10/2026 18:33
9e60c389-ddb8-4d90-84de-71d6d20a842b,categories.my,available,2.99,28.75,medium,low,10,dynadot,,,30/09/2026 06:09
cff76b87-d69e-451c-8b64-9ca16c3dbce9,bistre.my,available,3.49,29.99,medium,low,6,namesilo,,,23/09/2026 22:12
93739057-0ba8-425f-b264-547afddf3035,related.my,premium,91.96,91.96,high,low,7,namesilo,,,19/09/2026 12:07
9d098264-84cc-47e0-a7c2-e924854303dc,ventilators.my,available,3.49,29.99,low,low,11,namesilo,,,18/09/2026 23:26
d3529860-5924-4fa3-a094-d1eb5a2a5388,receiving.my,available,3.49,29.99,high,low,9,namesilo,,,27/09/2026 17:11
0fd01b55-c162-459a-9323-2e216c3f9b17,terminology.my,available,2.28,25.88,high,low,11,spaceship,,,30/09/2026 05:58
fc30e3f6-f6dc-4270-8f97-fff8581bb2f9,birken.my,available,2.98,38.98,medium,low,6,namecheap,,,10/08/2026 06:03
c37a3905-eede-478d-bb91-bb2c626948f7,stopped.my,premium,54.67,78.1,high,low,7,spaceship,,,28/09/2026 01:05
2499c4af-705c-407c-bab5-7855d631de2b,racine.my,available,3.49,29.99,high,low,6,namesilo,,,28/09/2026 02:12
e7644699-ee81-42f2-bf35-93033a339b27,anomalous.my,available,,,high,low,9,,,,
fe7de667-ed0f-47b0-a7ac-56443e093992,inured.my,available,2.98,38.98,medium,low,6,namecheap,,,17/08/2026 10:01
3f8ada3d-855d-4022-a5b5-690fb282d77f,arguments.my,available,3.49,29.99,medium,low,9,namesilo,,,16/09/2026 05:03
a8564bb3-728b-4959-8571-53cbea6ca64d,bayonet.my,available,2.98,38.98,medium,low,7,namecheap,,,22/09/2026 18:04
fc04d45c-2a8e-4135-a6d5-83ff05da525d,respecting.my,available,3.49,29.99,medium,low,10,namesilo,,,01/10/2026 21:57
8576b4ec-8d98-4ef1-bb84-7ff9841afe38,legislative.my,available,2.99,28.75,high,low,11,dynadot,,,01/10/2026 07:23
5aea9536-dfa9-4073-93e5-d3c96c84e021,vitis.my,available,2.28,25.88,high,low,5,spaceship,,,03/10/2026 00:56
04378873-f195-4910-a061-2db05090ecdb,apparently.my,available,2.98,38.98,high,low,10,namecheap,,,08/09/2026 20:26
c0e3f2aa-6c44-401a-a930-0aa70c6d63d4,banderilla.my,available,2.98,38.98,medium,low,10,namecheap,,,22/09/2026 01:12
a435a12b-8637-44cd-a816-eace3a425f63,chestnuts.my,available,2.98,38.98,medium,low,9,namecheap,,,20/09/2026 20:45
8b74f9d3-c043-43e5-b710-ae81e87dc3ed,wife.my,premium,1455.98,1455.98,high,low,4,namesilo,,,30/09/2026 03:56
224a6f22-f1a5-4c85-a21e-ead91aa846e9,symmetrical.my,available,3.49,29.99,high,low,11,namesilo,,,30/09/2026 03:46
2ad50b29-f981-4c04-8796-d7d9da502c64,indistinct.my,available,2.98,38.98,medium,low,10,namecheap,,,22/08/2026 03:14
835ff835-2106-4271-9a2e-abf664c235cd,thatch.my,available,2.98,38.98,medium,low,6,namecheap,,,24/09/2026 02:04
6a1c0b7a-a89b-4c20-a154-d97877f672f2,tractors.my,premium,1455.98,1455.98,medium,low,8,namesilo,,,21/09/2026 06:24
f8b3a820-c96b-40ca-930c-9bd71c1017ba,attained.my,available,2.98,38.98,medium,low,8,namecheap,,,07/08/2026 15:07
8c6d0d48-7df5-49a8-b3db-3a3288693a6d,pita.my,premium,199.24,284.63,high,low,4,spaceship,,,30/09/2026 06:47
27a19f04-91a5-4db2-9c44-b7e8ea1ab0de,eroded.my,available,2.98,38.98,medium,low,6,namecheap,,,17/08/2026 12:24
c69e4e84-b447-4978-a094-bf7b03aae602,shivering.my,available,2.98,38.98,high,medium,9,namecheap,,,10/09/2026 06:40
eda00478-ab0e-4d40-bfcc-f32db0ab14a1,polygons.my,available,2.99,28.75,medium,low,8,dynadot,,,29/09/2026 17:57
71d69904-9365-4a2b-b1d6-4174d00af99c,grunt.my,available,2.98,38.98,high,low,5,namecheap,,,01/10/2026 02:20
82577b08-99c1-4636-b162-ea8d07f38d17,kerouac.my,available,3.49,29.99,medium,low,7,namesilo,,,02/10/2026 15:49
01a9d6ee-ed74-4da1-b1b9-906352a5c942,insistent.my,available,2.98,38.98,medium,low,9,namecheap,,,13/08/2026 09:33
6c12557d-a0bd-4d1d-b7b4-9764fcb894aa,drama.my,resell,,,high,low,5,Porkbun LLC,08/09/2024 13:42,08/09/2027 13:42,26/09/2026 05:40
6a6b38ee-0960-4a5a-b128-8b861bc1c0af,bursting.my,available,3.49,29.99,high,low,8,namesilo,,,30/09/2026 12:02
4dfada41-0833-41da-bba9-1fc7282816ac,exobiology.my,available,3.49,29.99,medium,low,10,namesilo,,,20/09/2026 17:35
34464f85-21f5-4e24-ae17-b0c65b8f42e1,hebei.my,available,3.49,29.99,high,low,5,namesilo,,,30/09/2026 01:51
efff6b0f-7e4d-4c03-aaf6-1ae9edf77ea4,guerra.my,available,2.98,38.98,medium,low,6,namecheap,,,28/09/2026 12:18
8ff3bf17-7cc8-4aa9-94e9-60d17295a997,ult.my,resell,,,high,low,3,"Dynadot, LLC",17/12/2025 08:21,17/12/2026 08:21,26/09/2026 09:50
ef41376b-3df2-4d91-9298-6bf3d65c9479,hexad.my,available,2.98,38.98,medium,low,5,namecheap,,,
5b80a33b-b2ec-49ab-b70c-a5c10fdd93cb,pious.my,available,2.98,38.98,high,medium,5,namecheap,,,08/09/2026 19:57
59b2e0c7-8b25-4e6c-b27c-244d0d5d1eec,palaces.my,available,3.49,29.99,medium,low,7,namesilo,,,30/09/2026 23:50
672a57c2-0182-4aab-a9dd-d39d5de4e689,krakow.my,premium,350.31,350.31,high,low,6,namesilo,,,01/10/2026 01:37
59e8500d-4f31-4a82-a893-dc1be4e5a13d,plots.my,premium,76.73,109.47,medium,low,5,porkbun,,,29/09/2026 17:24
de223f68-8bc1-4e5a-a260-772a43b2e1d6,noisome.my,available,2.98,38.98,medium,low,7,namecheap,,,18/08/2026 02:29
f70e481a-5dbd-428a-9e23-9168ddb2ade8,ballplayer.my,available,3.49,29.99,medium,low,11,namesilo,,,21/09/2026 23:25
369812c6-75c4-46d6-83f1-f07949300b68,advisors.my,premium,68.61,98.03,high,low,8,namecheap,,,02/10/2026 20:03
5d2e5a1e-c1f0-4c3d-9be1-abd20ed7e213,delirium.my,available,2.98,38.98,high,low,8,namecheap,,,24/09/2026 21:40
fbec8bf2-781c-4471-9f5f-0a99190ce4cd,filtered.my,available,2.37,26.06,high,low,8,porkbun,,,02/10/2026 18:14
a8c89fc3-5daa-49c4-9671-6d834633fe74,prophetic.my,available,2.98,38.98,high,low,9,namecheap,,,09/09/2026 03:36
c240f5fb-d9c8-4ced-b244-aa91ec388f6b,hara.my,available,2.28,25.88,medium,low,4,spaceship,,,30/09/2026 13:49
865145a3-c9e8-4469-880e-94217d9c84a3,votive.my,available,2.98,38.98,medium,low,6,namecheap,,,13/09/2026 07:17
c3456c8d-10fe-40c3-8745-33c340dd6a64,fascist.my,available,2.98,38.98,medium,low,7,namecheap,,,17/08/2026 22:58
c0b7e68e-7f8f-42c7-9ea4-989498e2bc9e,predominant.my,available,2.28,25.88,high,low,11,spaceship,,,03/10/2026 03:07
3be2cad5-2e2e-4f12-9a06-5951e3593563,bubbly.my,available,2.98,38.98,high,low,6,namecheap,,,11/08/2026 07:16
bcbfd596-cbe4-4e71-8960-641c32a135cb,produce.my,premium,54.65,78.07,high,low,7,spaceship,,,29/09/2026 20:43
f07fe5d0-6048-4bf9-8461-73a9ccf81d74,typewriters.my,available,3.49,29.99,medium,low,11,namesilo,,,21/09/2026 07:13
c1c18821-9839-4059-916f-90ca2c637cc7,ceiling.my,premium,68.69,98.14,high,low,7,namecheap,,,24/09/2026 13:23
9844609d-80f9-4e70-9fb4-4a8fc01c5d5e,susa.my,available,2.98,38.98,medium,low,4,namecheap,,,02/10/2026 06:27
090d86f4-6b6d-4b13-b4fd-1f0b185c93cf,ungentle.my,available,2.98,38.98,medium,low,8,namecheap,,,12/09/2026 11:11
9ac3bf8c-8cc6-4c00-a0f8-d21261e176fe,burping.my,available,3.49,29.99,medium,low,7,namesilo,,,23/09/2026 04:38
a1f8b57f-c699-4fc5-a5ae-552c5889c642,appro.my,available,3.49,29.99,medium,low,5,namesilo,,,19/09/2026 22:20
5b241434-89b2-4a6b-b1ef-3726e5fa563d,necromancy.my,available,2.98,38.98,medium,low,10,namecheap,,,23/09/2026 23:53
60fbc6de-10dc-40b8-8727-73df94b9cf6a,unclothed.my,available,2.98,38.98,medium,low,9,namecheap,,,12/09/2026 05:30
a37b7bc1-7a36-49ee-b564-a5ed83de7c4b,backfire.my,available,3.49,29.99,high,low,8,namesilo,,,21/09/2026 15:28
2e873abf-f23b-450a-a309-a4f771ffb163,baldr.my,available,2.98,38.98,medium,low,5,namecheap,,,21/09/2026 21:35
0cb375de-f754-4d73-8c70-33ffcdc7490d,antitumor.my,available,3.49,29.99,high,low,9,namesilo,,,22/09/2026 06:40
7fd09248-474d-4707-8724-0d0d67a44a63,listeners.my,available,2.98,38.98,medium,low,9,namecheap,,,29/09/2026 17:43
7a0ab8bd-01c7-4fbd-acfe-135d53e8b07e,ancient.my,premium,68.74,98.2,high,low,7,namecheap,,,22/09/2026 04:21
b9cc1eea-1d3c-431e-acda-321f0c29e292,damper.my,available,3.49,29.99,medium,low,6,namesilo,,,03/10/2026 00:25
56643b80-18ca-4924-ab6f-82cc980eae16,lakeside.my,available,2.28,25.88,high,low,8,spaceship,,,01/10/2026 20:15
8f6ff6b8-93a7-4ec9-9e4d-0b9a339a76a8,terracotta.my,available,3.49,29.99,high,low,11,namesilo,,,17/09/2026 09:12
0c9068b8-6f74-44e7-806c-99ae69f158f4,competing.my,available,2.28,25.88,high,low,9,spaceship,,,01/10/2026 10:19
2f8c1810-5596-4822-80bb-c294f577fc5a,touches.my,available,2.28,25.88,medium,low,7,spaceship,,,28/09/2026 04:39
ab5930f4-acde-45a1-acd6-0c62eb0f9ca2,barometer.my,available,2.98,38.98,high,low,9,namecheap,,,22/09/2026 07:00
ab0d62ef-a3e5-41b2-b07f-8971f704e484,abstraction.my,available,2.99,28.75,high,low,11,dynadot,,,02/10/2026 21:04
c7843eb6-8844-4064-b14d-a09f7afbfd0c,searched.my,premium,91.96,91.96,medium,low,8,namesilo,,,18/09/2026 02:50
4609246b-884a-460c-8374-41d55bf6a238,maule.my,available,2.28,25.88,medium,low,5,spaceship,,,03/10/2026 05:44
10a7643c-4419-4a6a-baf8-34bde01958bb,file.my,premium,244.92,349.9,high,medium,4,namecheap,,,24/09/2026 21:00
bfb25aab-6954-427a-b6bf-238fb14f7571,tackling.my,available,3.49,29.99,high,low,8,namesilo,,,03/10/2026 03:33
a4336eda-bad0-4e6a-807b-906e2a6cf86a,undiscovered.my,available,2.28,25.88,medium,low,12,spaceship,,,02/10/2026 21:34
296c9f87-1baf-47a3-aef3-1e07f686c7a9,assize.my,available,2.98,38.98,medium,low,6,namecheap,,,20/09/2026 16:30
652720cf-87d4-4267-b7d7-584a303c8dc3,halley.my,available,2.37,26.06,medium,low,6,porkbun,,,30/09/2026 01:28
7c4b0b58-1171-4367-89d5-07fd474fd4bc,mask.my,premium,245.17,350.23,high,low,4,namecheap,,,29/09/2026 10:08
1cf6b9dd-e8d4-49e5-891e-2b41cce3a24b,aphis.my,available,3.49,29.99,medium,low,5,namesilo,,,19/09/2026 17:05
f9485fb2-48d8-4f50-802e-7efc6fc93928,homesteads.my,available,2.28,25.88,medium,low,10,spaceship,,,30/09/2026 07:32
f862b904-9bde-44fb-b53d-87f2c5d6658e,paunchy.my,available,2.98,38.98,medium,low,7,namecheap,,,
d26280d8-1022-49ac-9222-ef673379c7e6,taller.my,available,3.49,29.99,medium,low,6,namesilo,,,19/09/2026 00:16
d2035a2a-3f3f-44f3-8fa0-a47cfe4561ad,scarring.my,available,2.28,25.88,medium,low,8,spaceship,,,03/10/2026 03:38
4b71ac8b-687f-4464-8ede-fd7e017515a4,potpourri.my,available,2.98,38.98,medium,low,9,namecheap,,,25/08/2026 08:24
a98bf2f7-55f6-468f-b5e3-5385be0fc0c2,steps.my,premium,140.12,140.12,high,low,5,namesilo,,,30/09/2026 11:47
24907d2e-a758-4ac1-9ae5-7d9a39dee102,hematic.my,available,2.98,38.98,medium,low,7,namecheap,,,20/08/2026 21:53
bf26c62e-453e-4b57-a468-ddcbc4dac6e1,pinchbeck.my,available,2.98,38.98,high,medium,9,namecheap,,,08/09/2026 19:43
bb07efdf-90c5-418d-8fdd-4c030b71a168,rajasthan.my,available,2.28,25.88,medium,low,9,spaceship,,,29/09/2026 03:42
45939fe2-5cb9-4c7d-a8b5-49be75b2dbd8,challenged.my,available,3.49,29.99,medium,low,10,namesilo,,,28/09/2026 11:21
9714579d-b998-46dc-b981-9301369f1620,mocking.my,available,2.98,38.98,medium,low,7,namecheap,,,14/08/2026 02:52
c0aa9c61-ce4d-4603-9b74-d6e2440e05b2,mph.my,premium,390.98,558.55,high,low,3,spaceship,,,30/09/2026 02:18
5477e99b-490f-472a-a1bf-c601276e11da,braunschweig.my,available,2.28,25.88,medium,low,12,spaceship,,,30/09/2026 15:41
65f1dd38-ae43-49bd-abc5-14db9c93d8bb,syringe.my,available,3.49,29.99,high,low,7,namesilo,,,30/09/2026 11:09
8859ac99-b702-44a5-a3f7-199b943ddaec,carroty.my,available,2.98,38.98,medium,low,7,namecheap,,,11/08/2026 19:48
f428fbf5-d312-40a2-b349-472acafe2074,welles.my,available,3.49,29.99,high,low,6,namesilo,,,27/09/2026 04:13
cb4eb33e-4ba8-446a-9ba7-9689dc0d76d2,annexa.my,available,3.49,29.99,medium,low,6,namesilo,,,17/09/2026 09:06
1e7fbebf-ce1c-4cc7-a37d-81f1c3067ab4,clearance.my,available,2.98,38.98,high,low,9,namecheap,,,08/09/2026 08:11
3c6029db-98e6-4f0e-b8b2-0b0ec6b470b6,callaghan.my,available,2.28,25.88,medium,low,9,spaceship,,,29/09/2026 09:50
4eb615ff-34ab-4ffc-a85f-b1ea7d19a572,clerk.my,premium,140.12,140.12,high,low,5,namesilo,,,29/09/2026 10:01
f9617a44-03be-468d-8514-466e4fbddc4f,jolt.my,premium,700.62,700.62,high,low,4,namesilo,,,25/09/2026 11:45
ea7ee125-414e-4742-b40e-ad57bc073db6,quadruplex.my,available,2.98,38.98,medium,low,10,namecheap,,,18/08/2026 13:26
8a159264-53f9-4495-9a08-0593946ec810,asymptotic.my,available,2.98,38.98,medium,low,10,namecheap,,,07/08/2026 10:30
532133d4-9895-4fa7-b521-91211d0c45e5,kinsey.my,available,2.98,38.98,high,low,6,namecheap,,,18/09/2026 06:26
3dd27399-89ce-4147-8957-4eb2d3a439f1,pedestal.my,available,2.28,25.88,high,low,8,spaceship,,,29/09/2026 12:23
14b6b57e-1de6-4646-a49b-d19d11955e57,stinking.my,available,2.98,38.98,medium,low,8,namecheap,,,13/08/2026 05:16
291b9f83-a803-4033-bceb-67bdb5d77dc3,claimant.my,available,2.98,38.98,high,low,8,namecheap,,,24/09/2026 15:11
47929b6a-cab5-4fe4-ba5b-f77c7f6854e2,tandy.my,available,3.49,29.99,medium,low,5,namesilo,,,30/09/2026 10:18
21c6c2fd-f90d-4511-b91f-1a7cda38e56f,bailiff.my,available,2.98,38.98,medium,low,7,namecheap,,,21/09/2026 19:06
467482dc-54c7-4b3b-b7e2-f71302a31135,stroke.my,premium,54.67,78.1,high,low,6,spaceship,,,28/09/2026 21:42
5dbd1238-61a1-4761-b8fa-ae420ec9f669,squeamish.my,available,2.98,38.98,medium,low,9,namecheap,,,04/09/2026 21:24
3e2b6217-cee0-4d54-be23-ab9f913d02b1,desolate.my,available,2.98,38.98,medium,low,8,namecheap,,,08/08/2026 21:07
ec8b7b00-119a-48c6-afd8-6f5630494328,screenwriter.my,available,3.49,29.99,high,low,12,namesilo,,,01/10/2026 06:11
98543bbe-7319-4100-8195-e59ec37873d3,acrobatics.my,available,19.99,49.99,high,low,10,name.com,,,17/09/2026 03:19
c43f4fae-e8e6-4014-92f4-f099b5f879d6,constable.my,available,19.99,49.99,high,low,9,name.com,,,24/09/2026 17:31
30d84d59-229d-4496-8070-bb01d7107581,dishonest.my,available,2.98,38.98,medium,low,9,namecheap,,,11/08/2026 03:44
a6e486e3-a064-470a-a130-a101bb262df7,babyish.my,available,2.98,38.98,medium,low,7,namecheap,,,08/08/2026 03:53
eaae66a6-4eec-4983-820e-47dabe964b39,dataflow.my,available,2.98,38.98,high,low,9,namecheap,,,04/09/2026 04:48
e980c5db-bb10-421f-af9c-9626bf488a41,washout.my,available,2.98,38.98,medium,low,7,namecheap,,,14/08/2026 20:57
15bbcbbf-27d1-4e54-9971-877230efb8b9,beginner.my,premium,91.96,91.96,high,low,8,namesilo,,,23/09/2026 02:23
16c18d81-d636-4ce6-9f01-3a6bf9491480,theist.my,available,2.98,38.98,medium,low,6,namecheap,,,11/09/2026 12:37
6b6cb889-c8ca-4b45-bcd2-9f4866e877ff,armored.my,available,2.98,38.98,high,low,7,namecheap,,,22/09/2026 08:00
0fb2a747-a097-49fd-bc76-017009a0cd61,timestamps.my,available,3.49,29.99,medium,low,10,namesilo,,,20/09/2026 14:31
cbf4eb3e-dfc6-4974-a1dc-60f06bc159ea,tao.my,premium,473.15,675.93,high,low,3,name.com,,,11/09/2026 08:13
36edf93b-6aa6-413e-9fe7-cf3375277e1f,unsorted.my,available,2.98,38.98,medium,low,8,namecheap,,,12/09/2026 04:50
9f7e3eb7-6513-4dbe-9834-7c4471bfa0f7,eyed.my,premium,237.01,338.6,high,low,4,name.com,,,17/08/2026 20:00
d05a6fa4-9cc7-434f-839c-aee6fdf54640,topologic.my,available,2.98,38.98,medium,low,9,namecheap,,,11/09/2026 17:52
548e50f5-3822-4b94-9478-0f426dc0a8df,slithery.my,available,2.98,38.98,medium,low,8,namecheap,,,10/09/2026 11:09
9b6b74ec-1f46-4e39-9f3a-f379ee89b38b,stressed.my,available,2.98,38.98,medium,low,8,namecheap,,,10/09/2026 22:30
3f1db8f4-277e-40ae-a16f-fafa9dcc5bc8,norden.my,available,2.28,25.88,high,low,6,spaceship,,,02/10/2026 07:06
0d3ebc14-4a72-4f05-b4cd-cadb40704c74,amara.my,resell,,,high,low,5,,,,03/10/2026 04:52
76ae77a7-582d-4031-acde-55d894b002ba,tighter.my,available,2.28,25.88,high,low,7,spaceship,,,29/09/2026 14:55
ccc45217-5e73-4565-ab98-68a404615efd,simmonds.my,available,3.49,29.99,medium,low,8,namesilo,,,02/10/2026 10:51
f77deb3e-1085-4eb3-941e-01579c1c14aa,antichrist.my,available,3.49,29.99,medium,low,10,namesilo,,,19/09/2026 14:15
c1e5f4e8-92f5-4cf7-b288-4ebe7d6b4c11,menlo.my,available,3.49,29.99,medium,low,5,namesilo,,,29/09/2026 22:34
5679b501-14d9-4941-8f7f-8267a6a6143a,gladys.my,available,3.49,29.99,medium,low,6,namesilo,,,26/09/2026 03:41
167fa67d-c88a-4a1a-ab01-8b459e536a16,rightfully.my,available,2.98,38.98,medium,low,10,namecheap,,,15/09/2026 23:44
c92977fd-651c-4e8b-baf1-f663786cf4c9,peta.my,premium,195.1,278.7,high,medium,4,spaceship,,,03/10/2026 04:43
003c6be3-5833-4c94-a26b-db3bc8340d67,variform.my,available,2.98,38.98,medium,low,8,namecheap,,,13/09/2026 01:22
3cb65189-f490-4f25-a6cf-42edaf9ce4b5,lives.my,premium,140.12,140.12,high,low,5,namesilo,,,18/09/2026 05:57
f5508c20-cd42-4c82-813a-0e1cc7068c37,kirwan.my,available,3.49,29.99,medium,low,6,namesilo,,,02/10/2026 02:04
0fae255b-c281-4fec-8551-cb88d26712af,amenable.my,available,2.98,38.98,high,low,8,namecheap,,,22/09/2026 04:02
13064c2c-9b3b-44f1-91f9-177809881036,alocasia.my,available,2.98,38.98,medium,low,8,namecheap,,,18/09/2026 12:56
075b7534-d23f-48fc-8ca9-5fbfb3143b22,illative.my,available,2.98,38.98,medium,low,8,namecheap,,,21/08/2026 19:47
7e10edff-91bb-4644-8a4c-076b19e92133,hofmann.my,available,2.28,25.88,high,low,7,spaceship,,,29/09/2026 09:12
504f4960-c91a-410a-9b3e-914574873457,medial.my,available,2.98,38.98,high,low,6,namecheap,,,24/08/2026 18:51
7ce27ae6-fdd2-40a4-9cad-d8e21aa7fed0,songful.my,available,2.98,38.98,medium,low,7,namecheap,,,11/08/2026 17:36
a31db92f-d1fb-44b9-881f-54a6b3c2ecd9,moonflower.my,available,3.49,29.99,high,low,10,namesilo,,,23/09/2026 06:03
84b70631-5e07-4718-9349-a7c731c03c0e,alep.my,available,3.49,29.99,medium,low,4,namesilo,,,18/09/2026 05:14
6d30c631-31f6-48ea-b35e-5421d23a2755,printer.my,premium,1455.98,1455.98,high,low,7,namesilo,,,28/09/2026 15:08
974f6a83-4282-47c9-8ef3-5bccac1fc86d,waxen.my,available,2.98,38.98,medium,low,5,namecheap,,,13/09/2026 08:42
220ce183-de27-448e-b527-ceb492d59354,playboy.my,premium,471.26,673.23,high,high,7,name.com,,,13/08/2026 01:18
a3b2b833-bc0e-4f46-bbe4-aa42a4ffa260,pace.my,premium,390.35,557.64,high,low,4,spaceship,,,29/09/2026 20:29
83326572-db54-4bc0-8024-adfdd6cd1adb,altering.my,available,2.98,38.98,high,low,8,namecheap,,,18/09/2026 14:47
e96eafb8-8a09-419a-ab52-d039e33e9241,threesome.my,available,2.98,38.98,high,low,9,namecheap,,,